battery_id,cycle,capacity_Ah,voltage_mean_V,voltage_min_V,current_mean_A,temperature_max_C,internal_resistance_ohm,discharge_time_s,is_synthetic_fault,capacity_fade_pct,capacity_delta,rolling_capacity_std,voltage_sag,cycles_to_eol
B0005,1,1.9983,3.6934,3.055,-2.0427,32.89,0.05159,3598.9,False,0.0,0.0,0.0,0.6383999999999999,114
B0005,2,2.0053,3.7101,3.042,-1.9816,31.009,0.05165,3608.1,False,-0.350297753090123,0.007000000000000117,0.004949747468305759,0.6681000000000004,113
B0005,3,1.9892,3.6848,2.7936,-2.0077,31.636,0.04951,3596.6,False,0.45538707901715547,-0.016100000000000003,0.008072793816269649,0.8912,112
B0005,4,1.9918,3.707,2.9021,-1.8929,31.643,0.04914,3560.8,False,0.32527648501226025,0.0025999999999999357,0.0072011573143952465,0.8049,111
B0005,5,1.9913,3.7213,3.0823,-2.042,31.228,0.05148,3606.6,False,0.350297753090123,-0.0004999999999999449,0.006602802435330114,0.6389999999999998,110
B0005,6,1.9876,3.6848,2.8434,-1.9942,32.293,0.05199,3584.4,False,0.5354551368663363,-0.0037000000000000366,0.007057124060125486,0.8414000000000001,109
B0005,7,1.986,3.6992,2.8632,-1.9684,30.627,0.04964,3560.6,False,0.615523194715506,-0.0016000000000000458,0.002447856204927742,0.8359999999999999,108
B0005,8,1.9698,3.69,3.0556,-2.0433,33.149,0.04724,3535.6,False,1.426212280438366,-0.016199999999999992,0.009003888049059924,0.6343999999999999,107
B0005,9,1.9749,3.708,2.9402,-1.9603,31.802,0.04958,3580.5,False,1.1709953460441347,0.0051000000000001044,0.009125075342154954,0.7678000000000003,106
B0005,10,1.9683,3.6697,2.9996,-2.046,32.687,0.05092,3563.7,False,1.5012760846719764,-0.006600000000000161,0.009010937798032175,0.6701000000000001,105
B0005,11,1.963,3.6976,2.8983,-2.0155,32.679,0.04942,3522.5,False,1.7665015262973482,-0.00529999999999986,0.008705458058023372,0.7993000000000001,104
B0005,12,1.9605,3.6702,2.9316,-2.0235,32.25,0.05175,3542.3,False,1.8916078666866842,-0.0025000000000001688,0.0056951733950779,0.7385999999999999,103
B0005,13,1.968,3.6932,3.0028,-2.004,30.505,0.04775,3502.7,False,1.5162888455186874,0.007500000000000062,0.005552747067893782,0.6903999999999999,102
B0005,14,1.9484,3.7003,2.8903,-2.0189,33.609,0.05032,3529.2,False,2.4971225541710496,-0.019600000000000062,0.008112521186412909,0.81,101
B0005,15,1.9461,3.6878,3.0589,-2.017,33.164,0.04762,3515.9,False,2.612220387329234,-0.0022999999999999687,0.009510783353646263,0.6289000000000002,100
B0005,16,1.9548,3.6813,2.8244,-1.9964,31.742,0.05137,3519.3,False,2.1768503227743485,0.008700000000000152,0.008951145178131836,0.8569,99
B0005,17,1.9655,3.69,3.0647,-1.991,32.427,0.05341,3562.9,False,1.6413951859080234,0.010699999999999932,0.009872841536254598,0.6252999999999997,98
B0005,18,1.95,3.7218,2.9455,-2.032,31.373,0.05022,3468.8,False,2.4170544963218688,-0.01550000000000007,0.007701493361679344,0.7763,97
B0005,19,1.9498,3.688,2.8005,-2.0508,32.614,0.05268,3569.6,False,2.4270630035530205,-0.00019999999999997797,0.007517512886586304,0.8875000000000002,96
B0005,20,1.9697,3.7037,2.9322,-2.1066,32.45,0.04898,3532.9,False,1.4312165340539473,0.01990000000000003,0.009146201397301225,0.7715000000000001,95
B0005,21,1.9314,3.6869,2.839,-1.9921,32.253,0.0493,3426.3,False,3.3478456688184943,-0.0383,0.015170266971941892,0.8479000000000001,94
B0005,22,1.8216,3.6789,2.7147,-1.9935,41.633,0.05164,3257.1,True,8.842516138717905,-0.1097999999999999,0.05909610816288973,0.9642,93
B0005,23,1.9529,3.6765,2.834,-2.0451,33.214,0.05171,3510.5,False,2.2719311414702403,0.13129999999999997,0.0594222769674805,0.8424999999999998,92
B0005,24,1.9282,3.6761,3.0268,-2.0227,31.205,0.04888,3476.0,False,3.507981784516845,-0.024700000000000166,0.05794258364967825,0.6492999999999998,91
B0005,25,1.9414,3.6944,2.8264,-1.9857,33.657,0.05161,3482.3,False,2.8474203072611726,0.0132000000000001,0.05315091720751351,0.8679999999999999,90
B0005,26,1.9337,3.6986,2.8746,-1.9908,31.173,0.04859,3530.3,False,3.23274783566031,-0.00770000000000004,0.053336882173594995,0.8239999999999998,89
B0005,27,1.9369,3.687,3.0332,-1.9269,31.271,0.04947,3505.8,False,3.0726117199619596,0.0032000000000000917,0.009319173783119456,0.6537999999999999,88
B0005,28,1.9128,3.6868,3.0436,-1.9831,33.931,0.05193,3462.3,False,4.278636841315109,-0.02410000000000001,0.011051470490390491,0.6431999999999998,87
B0005,29,1.8933,3.683,2.8747,-2.0609,31.762,0.05147,3435.3,False,5.2544662963519,-0.019500000000000073,0.02018952698801946,0.8083,86
B0005,30,1.8975,3.6852,3.0481,-1.9756,32.131,0.05139,3445.6,False,5.044287644497825,0.0041999999999999815,0.0200695789691752,0.6371000000000002,85
B0005,31,1.9132,3.7137,3.0278,-2.0348,32.297,0.05222,3449.0,False,4.2586198268528275,0.015700000000000047,0.017132512950526448,0.6858999999999997,84
B0005,32,1.894,3.6859,2.9602,-1.8741,34.513,0.05041,3400.6,False,5.219436521042886,-0.019200000000000106,0.010023622099817383,0.7257000000000002,83
B0005,33,1.8872,3.6713,3.0659,-1.9397,31.948,0.05095,3332.6,False,5.5597257669018685,-0.006799999999999917,0.009764886072041101,0.6053999999999999,82
B0005,34,1.8973,3.6633,2.803,-1.8894,32.087,0.0503,3412.2,False,5.054296151728965,0.010099999999999998,0.009543217486777875,0.8603000000000001,81
B0005,35,1.8783,3.6524,2.9781,-2.0644,31.633,0.05611,3468.2,False,6.005104338687883,-0.018999999999999906,0.012963988583763002,0.6743000000000001,80
B0005,36,1.8812,3.6748,3.031,-1.9136,31.726,0.05189,3409.5,False,5.859980983836255,0.0028999999999999027,0.008103394350513176,0.6437999999999997,79
B0005,37,1.8943,3.6766,3.0305,-2.0687,32.396,0.05158,3416.7,False,5.204423760196164,0.013100000000000112,0.008163516399195218,0.6461000000000001,78
B0005,38,1.8814,3.6916,2.8874,-1.9922,33.063,0.05248,3386.6,False,5.849972476605114,-0.012900000000000134,0.008643205423911216,0.8042000000000002,77
B0005,39,1.8768,3.6878,3.0334,-1.8593,34.832,0.05561,3389.8,False,6.080168142921483,-0.0045999999999999375,0.006932171376987458,0.6544000000000003,76
B0005,40,1.756,3.6686,2.9183,-1.9404,41.351,0.05673,3174.5,True,12.125306510533951,-0.12080000000000002,0.05736050906329105,0.7503000000000002,75
B0005,41,1.867,3.6706,2.8368,-1.9974,32.506,0.05245,3353.0,False,6.570584997247664,0.11099999999999999,0.05626197650278464,0.8337999999999997,74
B0005,42,1.8766,3.7109,2.9721,-2.0118,32.917,0.05306,3366.8,False,6.090176650152623,0.009600000000000053,0.05367632625282663,0.7387999999999999,73
B0005,43,1.8546,3.6847,3.015,-2.0767,33.737,0.05225,3336.4,False,7.1911124455787405,-0.02200000000000002,0.05123416828640708,0.6696999999999997,72
B0005,44,1.8586,3.6721,2.7874,-1.9709,34.581,0.05518,3358.7,False,6.990942300955805,0.0040000000000000036,0.049119527685024394,0.8847,71
B0005,45,1.8836,3.6913,2.85,-2.0148,32.765,0.05093,3420.2,False,5.7398788970625,0.02499999999999991,0.012105866346524224,0.8412999999999999,70
B0005,46,1.8514,3.6934,2.8351,-1.9965,34.063,0.05447,3387.2,False,7.351248561277091,-0.032200000000000006,0.014270529072178958,0.8582999999999998,69
B0005,47,1.8675,3.6487,3.0075,-2.0586,32.277,0.05567,3380.7,False,6.5455637291698014,0.016100000000000003,0.012932439831675314,0.6412,68
B0005,48,1.8503,3.6573,2.9812,-2.0608,32.227,0.05362,3365.1,False,7.406295351048387,-0.017199999999999882,0.013758888036462111,0.6761000000000004,67
B0005,49,1.8604,3.6332,2.8764,-1.9964,33.252,0.05603,3286.8,False,6.900865735875494,0.010099999999999998,0.013661734882506717,0.7568000000000001,66
B0005,50,1.8454,3.6886,3.0535,-1.9262,33.296,0.05479,3304.6,False,7.651503778211477,-0.015000000000000124,0.008840531658214187,0.6351,65
B0005,51,1.8565,3.6998,2.8303,-1.9883,33.132,0.05114,3337.2,False,7.096031626882848,0.01110000000000011,0.00861260703851562,0.8695000000000004,64
B0005,52,1.8438,3.6842,2.8034,-2.0529,32.812,0.05609,3296.6,False,7.731571836060647,-0.012699999999999934,0.0071047167431137655,0.8808000000000002,63
B0005,53,1.8342,3.6792,2.9354,-1.9994,34.324,0.05503,3326.7,False,8.211980183155676,-0.009600000000000053,0.010497999809481594,0.7437999999999998,62
B0005,54,1.8449,3.7233,2.9322,-2.1002,34.535,0.05219,3324.1,False,7.67652504628934,0.010699999999999932,0.007913469529850361,0.7911000000000001,61
B0005,55,1.8495,3.6454,2.9568,-2.0801,32.109,0.05389,3344.9,False,7.446329379972982,0.0045999999999999375,0.008178447285388059,0.6886000000000001,60
B0005,56,1.8362,3.6472,2.7481,-1.9973,32.511,0.05419,3326.3,False,8.111895110844214,-0.013299999999999867,0.006363725324042806,0.8991000000000002,59
B0005,57,1.8319,3.69,2.8209,-1.9735,32.304,0.053,3303.3,False,8.32707801631386,-0.0042999999999999705,0.0075128556488102466,0.8691,58
B0005,58,1.8357,3.6675,2.8706,-2.0133,32.868,0.05494,3244.5,False,8.136916378922077,0.0038000000000000256,0.007282719272350149,0.7968999999999999,57
B0005,59,1.8116,3.6421,2.7873,-2.0339,33.88,0.0532,3266.8,False,9.342941500275225,-0.02410000000000001,0.01368345716549183,0.8548,56
B0005,60,1.8325,3.7014,3.0894,-2.0385,34.359,0.05354,3273.3,False,8.297052494620427,0.02089999999999992,0.010228245206282707,0.6120000000000001,55
B0005,61,1.8126,3.6423,2.9844,-2.0179,33.928,0.05719,3221.3,False,9.2928989641195,-0.01990000000000003,0.011742785018888693,0.6579000000000002,54
B0005,62,1.8195,3.6521,3.0394,-2.0066,31.252,0.05547,3257.0,False,8.947605464644948,0.006899999999999906,0.011180205722607785,0.6126999999999998,53
B0005,63,1.8073,3.6497,2.9121,-1.9786,32.967,0.05451,3264.0,False,9.558124405744884,-0.012199999999999989,0.009857230848459402,0.7376,52
B0005,64,1.8229,3.6666,2.8932,-1.9466,32.731,0.05577,3292.7,False,8.777460841715456,0.015600000000000058,0.00968958203432043,0.7733999999999996,51
B0005,65,1.8054,3.6778,2.9355,-1.8962,33.237,0.05421,3282.0,False,9.653205224440775,-0.01750000000000007,0.007569874503570894,0.7422999999999997,50
B0005,66,1.7953,3.676,2.8856,-1.9843,32.395,0.05092,3169.3,False,10.15863483961368,-0.010099999999999998,0.011193390907129314,0.7904,49
B0005,67,1.7896,3.6593,2.9337,-1.9031,34.369,0.05228,3231.7,False,10.443877295701343,-0.005699999999999816,0.012777519321049355,0.7256,48
B0005,68,1.7937,3.6634,2.8676,-1.969,32.899,0.05625,3194.4,False,10.238702897462836,0.0040999999999999925,0.013360276943229242,0.7958000000000003,47
B0005,69,1.7949,3.7212,2.9674,-1.9283,33.322,0.05526,3229.0,False,10.178651854075971,0.0011999999999998678,0.005832409450627674,0.7538,46
B0005,70,1.7901,3.6529,2.9586,-2.0426,33.925,0.05637,3233.2,False,10.41885602762348,-0.0047999999999999154,0.0026910964307813754,0.6942999999999997,45
B0005,71,1.786,3.677,3.0251,-1.9532,31.453,0.05361,3155.1,False,10.624030425861974,-0.0040999999999999925,0.003541609803431156,0.6518999999999999,44
B0005,72,1.7709,3.6929,3.0468,-2.036,31.872,0.04865,3171.4,False,11.379672721813538,-0.015100000000000113,0.009708861931233255,0.6460999999999997,43
B0005,73,1.8071,3.6798,2.9865,-1.9767,31.596,0.05326,3255.8,False,9.568132912976035,0.03620000000000001,0.013200757554010172,0.6933000000000002,42
B0005,74,1.7791,3.6827,2.9251,-1.9666,32.637,0.05621,3251.2,False,10.969323925336539,-0.028000000000000025,0.013560899675159773,0.7576,41
B0005,75,1.7673,3.6473,2.7502,-2.0096,34.8,0.05377,3224.7,False,11.559825851974171,-0.01179999999999981,0.015761408566487143,0.8971,40
B0005,76,1.7753,3.6715,2.9307,-2.0181,32.407,0.0536,3209.1,False,11.15948556272831,0.008000000000000007,0.01582238920010906,0.7408000000000001,39
B0005,77,1.7553,3.6761,2.929,-1.9426,31.074,0.05332,3109.0,False,12.160336285842966,-0.020000000000000018,0.019223215131702557,0.7471000000000001,38
B0005,78,1.7598,3.6689,2.8742,-2.0127,33.282,0.05521,3137.3,False,11.935144873142168,0.0044999999999999485,0.010043306228513306,0.7946999999999997,37
B0005,79,1.7721,3.6791,2.8257,-1.9722,33.664,0.05863,3187.2,False,11.31962167842666,0.012299999999999978,0.008341342817537893,0.8534000000000002,36
B0005,80,1.759,3.6488,2.7937,-2.0622,32.557,0.05468,3176.3,False,11.975178902066762,-0.013100000000000112,0.008820147391041007,0.8551000000000002,35
B0005,81,1.7596,3.6486,2.947,-1.963,33.283,0.0535,3183.8,False,11.945153380373307,0.000600000000000156,0.006383024361513879,0.7016,34
B0005,82,1.758,3.6347,3.0325,-1.9869,32.552,0.05522,3120.8,False,12.025221438222488,-0.0016000000000000458,0.005855766388755703,0.6021999999999998,33
B0005,83,1.7665,3.6899,2.8615,-1.9818,30.991,0.05236,3170.9,False,11.599859880898766,0.008499999999999952,0.0060747839467493745,0.8284000000000002,32
B0005,84,1.7395,3.6752,2.8555,-2.0588,32.726,0.05568,3179.4,False,12.951008357103532,-0.026999999999999913,0.010088458752439298,0.8196999999999997,31
B0005,85,1.735,3.6652,2.8451,-2.0826,32.309,0.05445,3107.4,False,13.176199769804331,-0.0044999999999999485,0.013682726336503984,0.8201,30
B0005,86,1.7524,3.6677,2.7743,-1.9742,32.908,0.0575,3135.4,False,12.305459640694593,0.01739999999999986,0.01300834347638687,0.8933999999999997,29
B0005,87,1.7349,3.6711,2.8243,-1.9776,31.905,0.05638,3091.8,False,13.181204023419902,-0.01749999999999985,0.01366649186878792,0.8468,28
B0005,88,1.7406,3.6326,2.8005,-2.0403,32.273,0.05661,3140.4,False,12.895961567332236,0.005699999999999816,0.0071454181123035395,0.8321000000000001,27
B0005,89,1.7292,3.6884,2.831,-1.9984,33.894,0.05418,3126.7,False,13.466446479507576,-0.011399999999999855,0.00879329289854665,0.8574000000000002,26
B0005,90,1.727,3.6508,2.8493,-2.052,31.225,0.05868,3185.1,False,13.57654005905019,-0.0021999999999999797,0.01018832665355932,0.8014999999999999,25
B0005,91,1.7253,3.6201,2.901,-2.0143,33.458,0.05327,3123.0,False,13.66161237051493,-0.0017000000000000348,0.006290866394990114,0.7191000000000001,24
B0005,92,1.7316,3.6299,2.7876,-1.8974,33.782,0.05469,3112.7,False,13.346344392733823,0.006299999999999972,0.005998166386456308,0.8423000000000003,23
B0005,93,1.7296,3.6248,2.9071,-2.0195,35.47,0.05506,3163.3,False,13.446429465045284,-0.0020000000000000018,0.002438852188963247,0.7177000000000002,22
B0005,94,1.7094,3.6682,3.0629,-2.0435,33.921,0.05824,3067.2,False,14.45728869539108,-0.020199999999999996,0.00882167784492291,0.6053000000000002,21
B0005,95,1.7006,3.6547,2.8925,-2.0171,33.715,0.05258,3012.5,False,14.897663013561536,-0.008800000000000141,0.01361139228733035,0.7622,20
B0005,96,1.7193,3.6474,2.8247,-1.9608,33.956,0.05419,3055.3,False,13.961867587449328,0.01870000000000016,0.013208709248052742,0.8227000000000002,19
B0005,97,1.7199,3.665,2.8027,-1.9807,34.101,0.05638,3090.8,False,13.931842065755895,0.0005999999999999339,0.01108480942549712,0.8622999999999998,18
B0005,98,1.7167,3.67,2.7716,-2.0261,33.264,0.05471,3113.8,False,14.091978181454245,-0.0032000000000000917,0.008178447285370533,0.8984000000000001,17
B0005,99,1.7206,3.6489,2.7623,-1.9843,33.431,0.05749,3029.5,False,13.896812290446881,0.0039000000000000146,0.0084146895367321,0.8865999999999996,16
B0005,100,1.6943,3.6385,2.9647,-2.0482,32.919,0.05571,3083.2,False,15.212930991342644,-0.02629999999999999,0.011199464272883153,0.6738,15
B0005,101,1.6972,3.634,2.9186,-1.9475,32.841,0.05424,3071.7,False,15.067807636491015,0.0029000000000001247,0.012896239762022763,0.7153999999999998,14
B0005,102,1.6944,3.6671,3.0666,-1.9649,32.798,0.05609,3043.7,False,15.207926737727073,-0.0028000000000001357,0.012915997832129208,0.6004999999999998,13
B0005,103,1.6815,3.621,2.8916,-2.0175,32.889,0.05618,3060.6,False,15.853475454136012,-0.012899999999999912,0.014225856740441009,0.7294,12
B0005,104,1.6679,3.6203,2.8153,-1.9269,34.275,0.05818,2968.0,False,16.534053945853977,-0.013600000000000056,0.012320024350606218,0.8049999999999997,11
B0005,105,1.6765,3.6604,3.0153,-1.9726,33.753,0.05703,3022.5,False,16.103688134914673,0.008600000000000163,0.012276603764866046,0.6451000000000002,10
B0005,106,1.6925,3.67,3.0368,-2.1124,34.847,0.05852,3016.0,False,15.303007556422966,0.015999999999999792,0.01108774097819394,0.6332,9
B0005,107,1.6632,3.6515,2.7954,-1.9101,34.537,0.05599,2966.9,False,16.769253865785917,-0.02929999999999988,0.01152918036980548,0.8561000000000001,8
B0005,108,1.6789,3.6459,2.9095,-1.8976,35.712,0.05869,2994.4,False,15.983586048140918,0.015700000000000047,0.011293360881487276,0.7364000000000002,7
B0005,109,1.6844,3.6655,2.8852,-1.9375,34.529,0.05779,3051.0,False,15.708352099284395,0.005499999999999838,0.010808098815217864,0.7803,6
B0005,110,1.6763,3.6158,3.0101,-2.0278,32.663,0.05984,3069.2,False,16.113696642145825,-0.008099999999999996,0.010820489822531787,0.6057000000000001,5
B0005,111,1.6835,3.6576,2.8795,-1.9994,34.102,0.05414,3042.2,False,15.75339038182455,0.007200000000000095,0.008532467403952432,0.7780999999999998,4
B0005,112,1.6675,3.6241,3.0229,-2.004,35.792,0.05844,3001.9,False,16.55407096031627,-0.016000000000000014,0.006802352534198188,0.6012,3
B0005,113,1.6664,3.6508,2.89,-2.0541,33.85,0.05518,2962.1,False,16.609117750087567,-0.0010999999999998789,0.008523320948990819,0.7607999999999997,2
B0005,114,1.6661,3.6577,2.8069,-2.0061,34.999,0.0588,3029.7,False,16.6241305109343,-0.000300000000000189,0.007699870128742282,0.8508,1
B0005,115,1.5173,3.6059,2.6354,-1.981,42.018,0.05717,2721.6,True,24.07045989090727,-0.14879999999999982,0.06906850222785645,0.9704999999999999,0
B0005,116,1.6572,3.6445,2.8057,-1.9874,33.553,0.0556,2992.3,False,17.069509082720312,0.1398999999999999,0.06587013739168454,0.8388,0
B0005,117,1.641,3.651,3.0062,-2.057,33.673,0.06006,2919.0,False,17.880198168443172,-0.016199999999999992,0.06361898301607301,0.6447999999999996,0
B0005,118,1.6139,3.6048,2.7413,-1.9985,34.199,0.06015,2824.8,False,19.23635089826353,-0.027100000000000124,0.060271261808588064,0.8635000000000002,0
B0005,119,1.629,3.6756,3.0442,-2.019,33.473,0.05563,2922.4,False,18.480708602311967,0.015100000000000113,0.05510042649562121,0.6314000000000002,0
B0005,120,1.6293,3.6811,3.0742,-1.9047,34.26,0.06092,2930.0,False,18.465695841465248,0.00029999999999996696,0.01611139348409687,0.6069,0
B0005,121,1.6064,3.6483,2.8656,-1.9574,33.654,0.05981,2880.6,False,19.611669919431517,-0.02289999999999992,0.013727964160769863,0.7826999999999997,0
B0005,122,1.5902,3.6567,2.9435,-1.9861,34.473,0.05887,2875.1,False,20.422359005154377,-0.016199999999999992,0.016454573832201322,0.7132000000000001,0
B0005,123,1.5657,3.6482,2.9751,-2.0721,34.547,0.05885,2797.5,False,21.64840114096982,-0.024499999999999966,0.02705599748668207,0.6731000000000003,0
B0005,124,1.5834,3.6107,2.8541,-2.0292,34.453,0.05889,2819.9,False,20.76264825101336,0.017699999999999827,0.024096369021064813,0.7566000000000002,0
B0005,125,1.5724,3.6371,2.8885,-2.0979,34.553,0.05811,2827.2,False,21.31311614872642,-0.010999999999999899,0.015884646675306077,0.7486000000000002,0
B0005,126,1.5549,3.6377,2.7424,-2.0556,33.499,0.05672,2807.4,False,22.188860531451738,-0.01750000000000007,0.014006676979187295,0.8953000000000002,0
B0005,127,1.5576,3.625,2.9959,-2.0852,33.821,0.05773,2791.4,False,22.05374568383125,0.0027000000000001467,0.011558330329216453,0.6291000000000002,0
B0005,128,1.5355,3.6241,2.7685,-2.0338,33.924,0.06025,2717.9,False,23.159685732872937,-0.02210000000000001,0.018237680773587298,0.8555999999999999,0
B0005,129,1.5291,3.6314,2.7997,-1.9206,34.203,0.06354,2745.6,False,23.479957964269637,-0.006400000000000183,0.01753952678949082,0.8317000000000001,0
B0005,130,1.5024,3.6268,2.7728,-2.0376,35.383,0.06106,2685.7,False,24.81609367962768,-0.026699999999999946,0.022363698263016592,0.8539999999999996,0
B0005,131,1.5151,3.6504,2.788,-2.0481,35.439,0.06243,2670.7,False,24.180553470449883,0.012699999999999934,0.020948579904118688,0.8624,0
B0005,132,1.492,3.6065,2.7401,-2.0286,34.882,0.06392,2680.6,False,25.336536055647297,-0.0230999999999999,0.01807393150366656,0.8664000000000001,0
B0005,133,1.4894,3.6188,2.9792,-1.9997,35.512,0.06254,2730.3,False,25.4666466496522,-0.0025999999999999357,0.01658417920788424,0.6395999999999997,0
B0005,134,1.4783,3.6335,2.9712,-2.0044,36.07,0.06217,2667.3,False,26.02211880098083,-0.01110000000000011,0.013937826229337636,0.6623000000000001,0
B0005,135,1.4741,3.6309,2.8914,-1.9855,34.8,0.06119,2565.5,False,26.232297452834906,-0.0041999999999999815,0.015998656193543504,0.7395,0
B0005,136,1.4591,3.5459,2.8053,-1.9774,35.723,0.05849,2605.0,False,26.98293549517089,-0.014999999999999902,0.013198371111587889,0.7406000000000001,0
B0005,137,1.459,3.6092,2.8224,-2.0001,35.654,0.06405,2630.1,False,26.98793974878646,-9.999999999998899e-05,0.013060130167773633,0.7867999999999999,0
B0005,138,1.4253,3.6116,3.0109,-2.0682,35.193,0.06001,2593.2,False,28.67437321723465,-0.03370000000000006,0.020833098665325265,0.6007000000000002,0
B0005,139,1.4256,3.6082,2.8185,-1.9888,36.063,0.05949,2534.9,False,28.65936045638793,0.00029999999999996696,0.02202582575067658,0.7897000000000003,0
B0005,140,1.4263,3.6057,2.8258,-1.9778,35.905,0.05841,2574.3,False,28.624330681078924,0.0006999999999999229,0.018251931404625638,0.7799,0
B0005,141,1.4127,3.6194,3.0073,-2.0702,35.855,0.06114,2528.3,False,29.30490917279688,-0.013599999999999834,0.01728574557255624,0.6121000000000003,0
B0005,142,1.404,3.6402,2.9303,-1.9343,35.466,0.06262,2550.3,False,29.740279237351753,-0.008700000000000152,0.010012342383235581,0.7099000000000002,0
B0005,143,1.3865,3.6106,2.8848,-2.003,34.951,0.06144,2514.8,False,30.61602362007706,-0.01749999999999985,0.01657851018635648,0.7258,0
B0005,144,1.3754,3.6131,2.8129,-2.0187,36.504,0.06325,2438.6,False,31.1714957714057,-0.01110000000000011,0.020319867125527996,0.8002000000000002,0
B0005,145,1.3798,3.597,2.7388,-2.0523,34.7,0.06251,2475.4,False,30.95130861232047,0.0043999999999999595,0.016020518093966308,0.8582000000000001,0
B0005,146,1.352,3.6152,2.8128,-1.9842,36.298,0.06419,2370.4,False,32.342491117449825,-0.027799999999999825,0.01885730627632375,0.8024,0
B0005,147,1.3417,3.5577,2.8811,-2.0002,36.995,0.06554,2421.2,False,32.85792923985388,-0.010300000000000198,0.019233486423398706,0.6766000000000001,0
B0005,148,1.3304,3.6093,2.8892,-2.0001,37.004,0.06228,2418.9,False,33.423409898413645,-0.011299999999999866,0.02132224190836984,0.7201,0
B0005,149,1.3322,3.5807,2.8174,-1.9651,36.109,0.06183,2372.1,False,33.33333333333333,0.0018000000000000238,0.020145024199514614,0.7633000000000001,0
B0005,150,1.31,3.6074,2.7544,-1.9781,34.898,0.06339,2361.4,False,34.44427763599058,-0.022199999999999998,0.015594486205034496,0.8530000000000002,0
B0005,151,1.3299,3.5719,2.8999,-1.9925,36.432,0.06364,2407.1,False,33.44843116649151,0.01990000000000003,0.011566892408897236,0.6719999999999997,0
B0005,152,1.2939,3.6232,2.7783,-1.9434,35.592,0.064,2296.9,False,35.249962468097884,-0.03600000000000003,0.016834696314427456,0.8449,0
B0005,153,1.29,3.6224,2.9809,-2.0098,35.145,0.06374,2274.2,False,35.44512835910524,-0.0039000000000000146,0.01962689481295994,0.6414999999999997,0
B0005,154,1.2663,3.5945,2.8676,-1.8595,35.815,0.06754,2286.7,False,36.63113646599609,-0.023700000000000054,0.023702890119118213,0.7269000000000001,0
B0005,155,1.264,3.5982,2.9171,-1.9945,36.008,0.06192,2228.8,False,36.74623429915428,-0.0022999999999999687,0.026636197176004475,0.6810999999999998,0
B0005,156,1.262,3.5838,2.8181,-1.9996,37.223,0.06512,2252.0,False,36.84631937146574,-0.0020000000000000018,0.015391653582347238,0.7657000000000003,0
B0005,157,1.2578,3.6202,2.8019,-1.9513,37.695,0.0671,2282.4,False,37.05649802331982,-0.0041999999999999815,0.012678012462487221,0.8183000000000002,0
B0005,158,1.2415,3.5966,2.8906,-1.965,35.195,0.06358,2273.8,False,37.872191362658256,-0.01629999999999998,0.009907926119979815,0.706,0
B0005,159,1.2339,3.6148,2.7744,-2.0576,36.356,0.06553,2223.4,False,38.25251463744183,-0.007600000000000051,0.013373219507619572,0.8403999999999998,0
B0005,160,1.2269,3.5768,2.8167,-2.0494,37.089,0.06547,2185.9,False,38.60281239053195,-0.006999999999999895,0.015118101732657176,0.7601,0
B0005,161,1.2032,3.5768,2.7811,-1.9114,36.682,0.06545,2102.8,False,39.788820497422805,-0.023700000000000054,0.020079666331863328,0.7957000000000001,0
B0005,162,1.1866,3.5727,2.727,-1.9309,36.715,0.06884,2137.8,False,40.61952659760796,-0.016599999999999948,0.02284944200629323,0.8457000000000003,0
B0005,163,1.1859,3.5761,2.751,-1.9141,34.565,0.06228,2118.4,False,40.654556372916986,-0.000700000000000145,0.022332599490407574,0.8251,0
B0005,164,1.1757,3.5902,2.9644,-2.0192,37.965,0.06855,2121.8,False,41.164990241705446,-0.010199999999999987,0.020053254099994523,0.6257999999999999,0
B0005,165,1.1752,3.5817,2.7857,-1.9651,37.059,0.0665,2159.6,False,41.19001150978331,-0.0004999999999999449,0.0113647261295175,0.7960000000000003,0
B0005,166,1.1311,3.5413,2.8751,-2.0182,36.959,0.06436,2006.4,False,43.39688735425111,-0.04410000000000003,0.02289683384223513,0.6661999999999999,0
B0005,167,1.137,3.6197,2.8065,-2.0206,36.814,0.06496,1989.4,False,43.1016363909323,0.005900000000000016,0.025038710030648767,0.8131999999999997,0
B0005,168,1.1345,3.5502,2.7228,-2.08,36.431,0.06761,2053.0,False,43.22674273132162,-0.0024999999999999467,0.022691077541599835,0.8273999999999999,0
B0006,1,1.9972,3.672,2.8037,-1.9817,32.63,0.04977,3640.9,False,0.0,0.0,0.0,0.8683000000000001,94
B0006,2,2.0046,3.6956,3.0777,-1.9033,33.933,0.04745,3580.5,False,-0.37051872621669535,0.007399999999999851,0.005232590180780268,0.6179000000000001,93
B0006,3,2.0067,3.6798,3.0177,-2.0243,32.38,0.04966,3592.5,False,-0.4756659323052137,0.0020999999999999908,0.004990323970779057,0.6621000000000001,92
B0006,4,1.9824,3.6831,3.0665,-1.8859,32.403,0.05213,3553.6,False,0.7410374524334129,-0.02429999999999999,0.01099920451669116,0.6166,91
B0006,5,1.9845,3.6834,3.0535,-2.0689,30.282,0.04581,3536.3,False,0.6358902463448945,0.0020999999999999908,0.011212359252182372,0.6298999999999997,90
B0006,6,1.9969,3.6986,2.8527,-1.9795,32.801,0.04826,3610.2,False,0.015021029441231182,0.012399999999999967,0.011198973167214908,0.8458999999999999,89
B0006,7,1.9882,3.6867,2.9136,-1.9717,31.521,0.04799,3543.3,False,0.4506308832365358,-0.00869999999999993,0.010032596872196087,0.7730999999999999,88
B0006,8,1.9791,3.7034,2.928,-1.9987,32.696,0.05165,3608.9,False,0.9062687762868005,-0.009099999999999886,0.006823269011258218,0.7753999999999999,87
B0006,9,1.9883,3.6782,2.9706,-2.0265,33.115,0.05037,3566.5,False,0.44562387342279575,0.009199999999999875,0.006499999999999758,0.7075999999999998,86
B0006,10,1.9547,3.6898,2.991,-1.9516,33.789,0.04931,3527.5,False,2.127979170839178,-0.03359999999999985,0.016219371134541326,0.6987999999999999,85
B0006,11,1.9628,3.6819,2.9781,-2.0019,33.963,0.04978,3563.0,False,1.7224113759262916,0.008099999999999996,0.015232760747808992,0.7038000000000002,84
B0006,12,1.9683,3.7112,2.9424,-2.0025,32.075,0.04896,3562.8,False,1.4470258361706456,0.005499999999999838,0.013270945708576645,0.7687999999999997,83
B0006,13,1.9711,3.7075,3.0918,-1.9275,31.798,0.05132,3529.3,False,1.306829561385936,0.0028000000000001357,0.012453031759374402,0.6156999999999999,82
B0006,14,1.9621,3.6823,2.8782,-1.9818,32.009,0.05314,3466.7,False,1.7574604446224829,-0.009000000000000119,0.006329296959377415,0.8041,81
B0006,15,1.939,3.7068,3.1051,-1.9875,31.039,0.05117,3550.4,False,2.9140797115962402,-0.0230999999999999,0.012680417974182902,0.6016999999999997,80
B0006,16,1.9647,3.6981,3.0499,-2.0197,30.083,0.05122,3561.8,False,1.6272781894652644,0.025699999999999834,0.012788588663335022,0.6482000000000001,79
B0006,17,1.938,3.6775,3.0212,-2.0483,32.426,0.04707,3506.8,False,2.9641498097336294,-0.026699999999999946,0.015400551938160327,0.6563000000000003,78
B0006,18,1.9585,3.6888,2.7941,-2.0498,33.482,0.04527,3515.0,False,1.9377127979170905,0.020499999999999963,0.012937271737115582,0.8947000000000003,77
B0006,19,1.9365,3.7066,2.8552,-1.9798,32.947,0.05494,3479.6,False,3.0392549569397187,-0.021999999999999797,0.013230759615379655,0.8513999999999999,76
B0006,20,1.9493,3.6627,2.8557,-2.038,31.743,0.05097,3461.9,False,2.3983577007810952,0.012799999999999923,0.012382245353729848,0.8069999999999999,75
B0006,21,1.9451,3.7111,2.9544,-2.0794,32.205,0.05258,3444.9,False,2.608652112958143,-0.0041999999999999815,0.008956115229269826,0.7566999999999999,74
B0006,22,1.9294,3.7069,2.9854,-1.9794,34.283,0.05235,3492.6,False,3.394752653715205,-0.015700000000000047,0.011276879000856416,0.7215000000000003,73
B0006,23,1.9645,3.6904,2.9617,-1.9786,32.652,0.04966,3505.1,False,1.6372922090927333,0.03509999999999991,0.013363682127316505,0.7286999999999999,72
B0006,24,1.9578,3.7002,2.8885,-1.9542,32.144,0.05034,3540.9,False,1.9727618666132596,-0.006699999999999928,0.013387568860699315,0.8117000000000001,71
B0006,25,1.919,3.6949,2.8445,-1.9767,32.11,0.05061,3441.9,False,3.915481674344079,-0.038799999999999946,0.0190166505988819,0.8504,70
B0006,26,1.9267,3.6814,3.0625,-2.0867,33.302,0.05071,3479.4,False,3.5299419186861636,0.00770000000000004,0.02028538883038596,0.6189,69
B0006,27,1.9152,3.7139,2.8537,-1.952,30.994,0.05335,3459.6,False,4.105748047266178,-0.011500000000000066,0.022877783983592952,0.8602000000000003,68
B0006,28,1.9077,3.6857,2.8469,-1.9722,32.731,0.05243,3478.1,False,4.481273783296624,-0.007500000000000062,0.019427223167501922,0.8388,67
B0006,29,1.9333,3.6327,2.8957,-2.0082,30.648,0.05152,3517.4,False,3.1994792709793773,0.025600000000000067,0.009954747611060456,0.7369999999999997,66
B0006,30,1.9075,3.6928,2.959,-2.0336,34.033,0.05077,3447.3,False,4.491287802924104,-0.025800000000000045,0.011553441045849074,0.7338,65
B0006,31,1.8969,3.7218,3.0562,-2.0091,33.194,0.04924,3449.9,False,5.022030843180458,-0.010599999999999943,0.013514880687593956,0.6656,64
B0006,32,1.9097,3.6824,3.0634,-2.029,33.237,0.05232,3456.9,False,4.381133587021835,0.012799999999999923,0.013425051210326847,0.6189999999999998,63
B0006,33,1.9101,3.6968,2.8566,-1.8885,30.972,0.05432,3479.2,False,4.361105547766886,0.00039999999999995595,0.013319159132614158,0.8402000000000003,62
B0006,34,1.8989,3.7294,2.9981,-1.9514,32.634,0.05159,3411.8,False,4.921890646905669,-0.011199999999999877,0.0062539587462572006,0.7313000000000001,61
B0006,35,1.9086,3.7143,2.9184,-2.0456,33.373,0.05367,3455.2,False,4.436210694972964,0.009700000000000042,0.006398281019140013,0.7959,60
B0006,36,1.9095,3.681,3.0246,-2.0434,30.908,0.05228,3434.5,False,4.391147606649315,0.0008999999999999009,0.004761092311633007,0.6564000000000001,59
B0006,37,1.8949,3.6251,2.8792,-1.944,31.966,0.05282,3369.1,False,5.122171039455237,-0.014599999999999946,0.007011419257175239,0.7459000000000002,58
B0006,38,1.911,3.6838,3.0685,-1.8837,34.051,0.05117,3421.9,False,4.316042459443226,0.016100000000000003,0.007203263149426668,0.6153000000000004,57
B0006,39,1.8906,3.6938,2.8993,-2.0198,34.124,0.05196,3472.0,False,5.3374724614460245,-0.020399999999999974,0.009446533755822124,0.7944999999999998,56
B0006,40,1.892,3.7195,2.9208,-1.9519,31.923,0.05045,3419.4,False,5.267374324053686,0.0013999999999998458,0.009859259607084286,0.7987000000000002,55
B0006,41,1.8983,3.6855,2.8646,-2.068,31.183,0.0485,3420.2,False,4.9519327057880975,0.006300000000000194,0.008176368386996848,0.8209000000000004,54
B0006,42,1.8969,3.6843,2.8601,-2.0095,32.456,0.05625,3370.8,False,5.022030843180458,-0.0014000000000000679,0.008074218228403401,0.8241999999999998,53
B0006,43,1.8791,3.716,3.0286,-1.9718,32.84,0.05308,3405.6,False,5.913278590026039,-0.017800000000000038,0.007585314759446779,0.6874000000000002,52
B0006,44,1.8721,3.6984,2.9549,-1.9836,32.946,0.05132,3369.2,False,6.2637692769877855,-0.006999999999999895,0.011541317082546534,0.7435,51
B0006,45,1.8713,3.6593,3.0383,-2.0552,33.095,0.05027,3389.7,False,6.303825355497706,-0.0008000000000001339,0.013198030156045301,0.621,50
B0006,46,1.863,3.6681,2.9959,-1.9337,33.152,0.05232,3368.3,False,6.71940717003806,-0.008299999999999974,0.012762915027527223,0.6722000000000001,49
B0006,47,1.851,3.6768,2.9826,-1.9934,32.962,0.05408,3358.7,False,7.320248347686764,-0.01200000000000001,0.010752441583188421,0.6941999999999999,48
B0006,48,1.8494,3.6438,2.8148,-2.0357,34.216,0.05238,3270.8,False,7.400360504706594,-0.0016000000000000458,0.010807543661715146,0.8290000000000002,47
B0006,49,1.8539,3.6231,2.7562,-2.0094,32.452,0.05508,3373.1,False,7.175045063088326,0.0045000000000001705,0.00923672019711961,0.8668999999999998,46
B0006,50,1.8622,3.6366,2.8883,-1.9722,33.136,0.05472,3317.0,False,6.75946324854797,0.008299999999999974,0.006331666447300973,0.7483,45
B0006,51,1.8813,3.663,2.8251,-2.0844,31.782,0.05541,3378.5,False,5.80312437412378,0.019099999999999895,0.013116135101464832,0.8378999999999999,44
B0006,52,1.8669,3.6848,3.0043,-1.9318,32.562,0.0491,3336.2,False,6.5241337873022225,-0.014399999999999968,0.012431532487987096,0.6804999999999999,43
B0006,53,1.8613,3.6871,3.0285,-2.0362,32.251,0.05204,3309.0,False,6.80452633687163,-0.005600000000000049,0.010173101788534257,0.6585999999999999,42
B0006,54,1.8467,3.6624,3.0098,-1.9595,32.774,0.05228,3328.3,False,7.5355497696775515,-0.014599999999999946,0.012419822865076558,0.6526000000000001,41
B0006,55,1.8421,3.6534,2.9828,-2.0317,31.784,0.05348,3337.7,False,7.765872221109548,-0.0045999999999999375,0.015809111296966577,0.6705999999999999,40
B0006,56,1.8317,3.6753,2.8425,-1.9829,32.997,0.05046,3259.2,False,8.286601241738435,-0.010399999999999965,0.014327874929656311,0.8328000000000002,39
B0006,57,1.8451,3.6973,2.7991,-1.9827,34.119,0.05279,3337.8,False,7.615661926697381,0.013399999999999856,0.010643871476106502,0.8981999999999997,38
B0006,58,1.8351,3.6729,2.8488,-2.1172,33.932,0.05133,3289.5,False,8.116362908071306,-0.010000000000000009,0.006482900585376519,0.8240999999999996,37
B0006,59,1.8255,3.6456,2.853,-2.0365,33.425,0.05439,3295.6,False,8.59703585019027,-0.009600000000000053,0.007898101037583484,0.7925999999999997,36
B0006,60,1.8391,3.7074,2.8885,-2.0027,34.098,0.05575,3267.7,False,7.9160825155217385,0.013600000000000056,0.0074081036709725545,0.8188999999999997,35
B0006,61,1.8308,3.7018,3.015,-1.9902,32.797,0.05262,3304.2,False,8.331664330062093,-0.008299999999999974,0.00752741655549084,0.6867999999999999,34
B0006,62,1.8287,3.6735,3.0329,-2.0339,33.56,0.05925,3238.4,False,8.436811536150612,-0.0020999999999999908,0.005349579422709827,0.6406000000000001,33
B0006,63,1.8318,3.6596,3.011,-1.9977,33.771,0.05572,3302.9,False,8.281594231924693,0.0031000000000001027,0.005041527546278119,0.6486000000000001,32
B0006,64,1.8371,3.6287,2.9604,-1.9812,34.055,0.05082,3281.9,False,8.016222711796516,0.00529999999999986,0.004402839992536583,0.6682999999999999,31
B0006,65,1.8245,3.6733,2.8391,-1.9458,31.288,0.05546,3284.4,False,8.64710594832766,-0.012599999999999945,0.004597499320269686,0.8341999999999996,30
B0006,66,1.8183,3.6433,2.7972,-2.1207,33.739,0.05065,3274.6,False,8.957540556779497,-0.006199999999999983,0.0071422685471690985,0.8460999999999999,29
B0006,67,1.8164,3.6959,2.9773,-2.0347,32.595,0.05622,3285.7,False,9.052673743240536,-0.0019000000000000128,0.008800965856079788,0.7185999999999999,28
B0006,68,1.8111,3.6669,3.0104,-1.9806,31.374,0.05528,3263.8,False,9.318045263368724,-0.005300000000000082,0.009959518060623458,0.6564999999999999,27
B0006,69,1.8361,3.6534,2.8619,-1.9101,34.175,0.05189,3311.6,False,8.066292809933906,0.025000000000000133,0.009569848483643081,0.7915000000000001,26
B0006,70,1.8095,3.6771,2.8407,-2.0045,31.545,0.05408,3270.6,False,9.398157420388543,-0.026599999999999957,0.010603395682510734,0.8363999999999998,25
B0006,71,1.8045,3.6384,2.8565,-1.9818,32.447,0.05335,3203.0,False,9.64850791107551,-0.0050000000000001155,0.01226303388235917,0.7818999999999998,24
B0006,72,1.7938,3.6583,2.9096,-2.032,33.878,0.05305,3236.2,False,10.184257961145605,-0.010699999999999932,0.01557530096017063,0.7486999999999999,23
B0006,73,1.7999,3.6874,3.0722,-2.0786,31.819,0.05294,3202.3,False,9.878830362507507,0.006099999999999994,0.016343744980875523,0.6151999999999997,22
B0006,74,1.8027,3.6611,2.9874,-2.0869,33.388,0.05169,3230.0,False,9.738634087722819,0.0027999999999999137,0.0058010343905116534,0.6736999999999997,21
B0006,75,1.7973,3.6231,2.8636,-1.9049,32.763,0.05457,3265.8,False,10.009012617664737,-0.005400000000000071,0.004261220482432311,0.7595000000000001,20
B0006,76,1.7915,3.6571,2.9522,-1.968,33.138,0.05214,3228.5,False,10.299419186861602,-0.005799999999999805,0.00451309206641108,0.7048999999999999,19
B0006,77,1.7846,3.6571,3.0064,-2.0669,34.34,0.05151,3192.4,False,10.64490286400962,-0.006900000000000128,0.007224956747268764,0.6506999999999996,18
B0006,78,1.8069,3.6936,3.0538,-2.047,32.629,0.05401,3253.6,False,9.528339675545771,0.022299999999999986,0.008857200460636677,0.6398000000000001,17
B0006,79,1.7841,3.667,2.9104,-2.0721,32.779,0.05615,3170.3,False,10.669937913078309,-0.02279999999999993,0.009534778445244916,0.7565999999999997,16
B0006,80,1.7804,3.6507,2.9724,-2.0194,34.795,0.05541,3165.3,False,10.855197276186669,-0.0037000000000000366,0.010520693893461186,0.6783000000000001,15
B0006,81,1.7862,3.6524,3.0291,-1.9843,32.791,0.05606,3192.0,False,10.56479070698979,0.005800000000000027,0.010535796125585986,0.6233,14
B0006,82,1.7706,3.6525,2.8818,-1.945,34.005,0.05801,3255.1,False,11.345884237933113,-0.015600000000000058,0.013307253661064538,0.7706999999999997,13
B0006,83,1.7638,3.666,2.8579,-2.0389,32.787,0.05261,3143.2,False,11.686360905267378,-0.006799999999999917,0.009510625636619417,0.8081,12
B0006,84,1.7699,3.6412,2.9744,-2.0459,36.19,0.0537,3188.0,False,11.38093330662928,0.006099999999999994,0.008972847931394115,0.6667999999999998,11
B0006,85,1.7557,3.6975,2.9116,-1.9852,32.119,0.05531,3126.6,False,12.091928700180254,-0.01419999999999999,0.011212180876168775,0.7858999999999998,10
B0006,86,1.7805,3.6833,2.9286,-2.1218,32.333,0.05576,3241.4,False,10.850190266372927,0.024799999999999933,0.009158329542003029,0.7547000000000001,9
B0006,87,1.7743,3.6343,2.98,-1.9492,31.696,0.0545,3201.9,False,11.160624874824753,-0.006199999999999983,0.00955185845790886,0.6543000000000001,8
B0006,88,1.7575,3.6266,3.0169,-2.0164,33.307,0.05372,3150.1,False,12.001802523532945,-0.016799999999999926,0.01072622953324817,0.6096999999999997,7
B0006,89,1.7574,3.6725,2.88,-2.0205,33.548,0.05101,3177.5,False,12.006809533346685,-9.999999999998899e-05,0.01148050521536077,0.7925,6
B0006,90,1.755,3.664,2.8091,-2.0976,31.496,0.05545,3158.8,False,12.126977768876435,-0.0024000000000001798,0.011626822437791274,0.8549000000000002,5
B0006,91,1.754,3.6539,2.7558,-1.9534,33.96,0.0544,3094.0,False,12.177047867013824,-0.0009999999999998899,0.008334446592301679,0.8981000000000003,4
B0006,92,1.7573,3.688,2.9295,-2.044,34.13,0.05658,3209.9,False,12.011816543160425,0.0033000000000000806,0.0016288032416255321,0.7585000000000002,3
B0006,93,1.7381,3.6562,2.8167,-1.9971,32.454,0.05607,3145.9,False,12.973162427398366,-0.019200000000000106,0.008105738707849485,0.8395000000000001,2
B0006,94,1.745,3.6661,2.9436,-1.9261,32.629,0.05392,3141.4,False,12.627678750250348,0.006900000000000128,0.008075085138865616,0.7225000000000001,1
B0006,95,1.5852,3.6116,2.7799,-1.9984,36.477,0.05701,2860.2,True,20.628880432605655,-0.15980000000000016,0.07346378019132915,0.8317000000000001,0
B0006,96,1.7357,3.6738,3.0573,-2.0346,33.417,0.05737,3136.1,False,13.093330662928103,0.15050000000000008,0.07152253491033386,0.6164999999999998,0
B0006,97,1.722,3.6714,2.9386,-1.9294,34.692,0.05614,3104.3,False,13.779291007410377,-0.013700000000000045,0.0675998150885039,0.7328000000000001,0
B0006,98,1.7312,3.6732,2.9084,-1.9882,34.485,0.05425,3097.6,False,13.31864610454636,0.009200000000000097,0.06682628225481291,0.7648000000000001,0
B0006,99,1.7186,3.6365,2.8883,-1.9635,35.497,0.05848,3044.7,False,13.949529341077515,-0.012600000000000167,0.0637304322910171,0.7481999999999998,0
B0006,100,1.7351,3.6887,2.8753,-1.9949,31.582,0.05583,3091.2,False,13.123372721810533,0.01650000000000018,0.007793394639048701,0.8133999999999997,0
B0006,101,1.7271,3.6278,2.8143,-1.9488,32.854,0.05318,3044.1,False,13.52393350690967,-0.008000000000000007,0.006682439674246991,0.8135000000000003,0
B0006,102,1.7197,3.6463,2.9099,-1.9773,33.232,0.05345,3078.8,False,13.894452233126376,-0.007400000000000073,0.0071577231016538845,0.7364000000000002,0
B0006,103,1.7304,3.6716,3.0663,-1.969,32.457,0.05546,3119.1,False,13.35870218305628,0.010699999999999932,0.007029722611878037,0.6053000000000002,0
B0006,104,1.7122,3.6655,2.7743,-1.9745,34.279,0.04992,3117.7,False,14.269977969156821,-0.018199999999999994,0.009047927939586312,0.8912,0
B0006,105,1.6837,3.6402,2.8687,-2.0159,32.431,0.05414,3061.5,False,15.696975766072507,-0.02849999999999997,0.018657893771804063,0.7715000000000001,0
B0006,106,1.6923,3.6764,2.9235,-2.0596,33.263,0.05412,3072.1,False,15.266372922090932,0.008599999999999941,0.019317686196848465,0.7528999999999999,0
B0006,107,1.6141,3.634,2.5756,-1.9353,40.263,0.05539,2885.1,True,19.18185459643501,-0.07819999999999983,0.04435913660115419,1.0583999999999998,0
B0006,108,1.698,3.6292,2.9518,-2.0614,31.632,0.05528,3002.3,False,14.980973362707795,0.08389999999999986,0.038303433266482036,0.6774,0
B0006,109,1.6958,3.6362,3.0148,-1.9,33.882,0.05657,2999.1,False,15.091127578610063,-0.0021999999999999797,0.03545979413363586,0.6214,0
B0006,110,1.694,3.6584,2.8056,-1.9546,32.633,0.05555,3031.7,False,15.181253755257362,-0.0018000000000000238,0.03625262749098112,0.8527999999999998,0
B0006,111,1.6995,3.6421,2.9996,-2.0118,33.069,0.05698,3066.3,False,14.905868215501705,0.00550000000000006,0.037055053636445366,0.6425000000000001,0
B0006,112,1.6943,3.6455,2.9212,-2.0118,33.528,0.05632,3100.6,False,15.166232725816153,-0.0052000000000000934,0.0023805461557957174,0.7243000000000004,0
B0006,113,1.5339,3.5922,2.726,-1.9212,40.256,0.05938,2753.4,True,23.19747646705388,-0.16039999999999988,0.0724816183594146,0.8662000000000001,0
B0006,114,1.6818,3.6465,2.8919,-2.0384,33.103,0.05364,3039.0,False,15.792108952533557,0.14789999999999992,0.07118065046064011,0.7545999999999999,0
B0006,115,1.6924,3.6585,2.8781,-1.9956,34.237,0.05676,3043.6,False,15.261365912277192,0.010599999999999943,0.07099688021314617,0.7804000000000002,0
B0006,116,1.6789,3.6961,3.0834,-2.0333,34.36,0.05692,2980.0,False,15.937312237131984,-0.013499999999999845,0.06872039726311119,0.6126999999999998,0
B0006,117,1.6928,3.652,2.9163,-1.9406,34.469,0.05362,3100.3,False,15.241337873022232,0.013900000000000023,0.06851578650208887,0.7357,0
B0006,118,1.6854,3.6526,2.769,-1.992,33.86,0.05497,3051.2,False,15.611856599238937,-0.007400000000000073,0.006230409296334696,0.8835999999999999,0
B0006,119,1.6809,3.6524,2.7611,-1.9935,33.845,0.05372,2981.4,False,15.837172040857206,-0.0044999999999999485,0.0064021090274888025,0.8913000000000002,0
B0006,120,1.679,3.5998,2.8828,-2.0239,35.234,0.05543,3042.0,False,15.932305227318244,-0.0019000000000000128,0.005878350108648953,0.7170000000000001,0
B0006,121,1.6667,3.6523,2.9922,-2.0231,34.996,0.05468,3008.9,False,16.548167434408168,-0.012299999999999978,0.009579822545321645,0.6600999999999999,0
B0006,122,1.6772,3.6648,2.8497,-2.0382,32.558,0.05447,3038.7,False,16.022431403965555,0.010499999999999954,0.006934911679311581,0.8151000000000002,0
B0006,123,1.6702,3.6526,2.9498,-1.9617,32.754,0.05891,3092.1,False,16.37292209092731,-0.007000000000000117,0.0060700082372145605,0.7027999999999999,0
B0006,124,1.6661,3.6616,2.7805,-2.0905,33.4,0.05449,2955.7,False,16.57820949329062,-0.0040999999999999925,0.005959278479803826,0.8811,0
B0006,125,1.677,3.657,2.9013,-2.0155,33.765,0.05839,3017.6,False,16.032445423593032,0.010900000000000132,0.005399351812935779,0.7557,0
B0006,126,1.6623,3.6454,3.0336,-2.0703,32.048,0.05623,2993.9,False,16.768475866212697,-0.014699999999999935,0.006591888955364209,0.6118000000000001,0
B0006,127,1.6415,3.6455,2.93,-2.1078,33.236,0.05799,2966.2,False,17.809933907470466,-0.02080000000000015,0.013409958985763318,0.7155,0
B0006,128,1.6401,3.6492,2.7519,-1.9611,34.064,0.05626,2933.2,False,17.880032044862816,-0.0014000000000000679,0.01609316625154468,0.8973,0
B0006,129,1.6536,3.6519,2.7987,-1.9934,34.897,0.05712,2999.9,False,17.204085720008024,0.013500000000000068,0.015357896991445701,0.8531999999999997,0
B0006,130,1.6499,3.6314,3.0031,-1.9228,34.357,0.05357,2948.4,False,17.38934508311637,-0.0037000000000000366,0.009126445091044856,0.6283000000000003,0
B0006,131,1.6413,3.6406,2.8008,-1.93,33.105,0.05558,2960.6,False,17.819947927097946,-0.008599999999999941,0.0060730552442619015,0.8397999999999999,0
B0006,132,1.6298,3.6544,2.9199,-1.9901,34.711,0.05689,2935.5,False,18.39575405567796,-0.011500000000000066,0.009293707548651282,0.7344999999999997,0
B0006,133,1.6193,3.6472,2.9194,-1.9722,34.328,0.056,2916.8,False,18.921490086120574,-0.010499999999999954,0.014228035704195398,0.7278000000000002,0
B0006,134,1.6103,3.6454,2.9398,-2.0262,34.761,0.05993,2901.5,False,19.3721209693571,-0.008999999999999897,0.016017552871767267,0.7056,0
B0006,135,1.6263,3.6364,2.7461,-2.0399,33.891,0.05797,2952.7,False,18.57099939915883,0.016000000000000014,0.011599568957502731,0.8902999999999999,0
B0006,136,1.5984,3.6649,2.9859,-2.0166,37.113,0.05882,2855.6,False,19.96795513719207,-0.027900000000000036,0.012711294190595196,0.6789999999999998,0
B0006,137,1.5806,3.6182,2.7735,-2.0182,34.644,0.05826,2867.1,False,20.859202884037654,-0.017800000000000038,0.018066460638427765,0.8447,0
B0006,138,1.5715,3.6142,2.7458,-1.97,34.904,0.05695,2848.9,False,21.31484077708793,-0.009100000000000108,0.022111467612979996,0.8683999999999998,0
B0006,139,1.5648,3.6243,2.993,-1.9349,35.245,0.05991,2854.1,False,21.650310434608457,-0.006699999999999928,0.024697105093509718,0.6313,0
B0006,140,1.5927,3.6047,2.7205,-2.0308,33.593,0.05599,2857.9,False,20.253354696575208,0.027900000000000036,0.014059694164520839,0.8841999999999999,0
B0006,141,1.5448,3.6384,2.9624,-1.9759,35.239,0.06031,2769.4,False,22.651712397356306,-0.047900000000000054,0.017945110754739264,0.6759999999999997,0
B0006,142,1.5705,3.6403,3.0121,-2.0501,32.837,0.05862,2823.2,False,21.36491087522532,0.025700000000000056,0.01712725897509167,0.6281999999999996,0
B0006,143,1.5369,3.6708,2.9096,-1.9637,33.847,0.05726,2767.6,False,23.0472661726417,-0.033600000000000074,0.02207041005509096,0.7611999999999997,0
B0006,144,1.5357,3.5932,2.9147,-1.9993,34.571,0.05766,2748.0,False,23.10735029040657,-0.0011999999999998678,0.02479620938772419,0.6785000000000001,0
B0006,145,1.5245,3.6305,2.8542,-1.946,34.559,0.0586,2757.3,False,23.668135389545363,-0.011200000000000099,0.017254622569035427,0.7763,0
B0006,146,1.5247,3.62,2.8105,-1.951,36.143,0.06306,2718.5,False,23.658121369917893,0.00019999999999997797,0.01884696262000504,0.8094999999999999,0
B0006,147,1.5111,3.6269,2.8746,-2.0325,33.448,0.05996,2696.9,False,24.339074704586416,-0.013599999999999834,0.010454281419584184,0.7523,0
B0006,148,1.5042,3.6097,2.749,-1.9883,35.126,0.06108,2773.1,False,24.684558381734433,-0.006900000000000128,0.012426503933120569,0.8607,0
B0006,149,1.4984,3.6345,2.978,-2.0643,36.592,0.05818,2665.8,False,24.974964950931312,-0.005800000000000027,0.011858203911210882,0.6564999999999999,0
B0006,150,1.4876,3.6213,2.9614,-2.0152,36.304,0.05864,2635.9,False,25.515722010815146,-0.01079999999999992,0.013892983840768489,0.6599000000000004,0
B0006,151,1.4897,3.6333,3.0215,-2.0791,34.317,0.0601,2716.5,False,25.410574804726615,0.0020999999999999908,0.009836920249745515,0.6118000000000001,0
B0006,152,1.4623,3.6177,2.8762,-2.1191,36.26,0.05839,2642.1,False,26.782495493691172,-0.02740000000000009,0.016071496507788337,0.7415000000000003,0
B0006,153,1.4675,3.6418,2.7724,-2.1189,34.41,0.06093,2635.6,False,26.522130983376723,0.0052000000000000934,0.015442635785378465,0.8693999999999997,0
B0006,154,1.4621,3.6351,2.9827,-2.0107,33.381,0.05985,2644.3,False,26.792509513318652,-0.005400000000000071,0.013711965577547638,0.6524000000000001,0
B0006,155,1.4388,3.6284,3.0044,-1.9937,32.304,0.05867,2646.4,False,27.95914279991989,-0.023299999999999876,0.018126279265195378,0.6240000000000001,0
B0006,156,1.4365,3.5758,2.8017,-1.9993,36.486,0.06182,2599.5,False,28.07430402563589,-0.0022999999999999687,0.014598561572971902,0.7741000000000002,0
B0006,157,1.438,3.6296,2.9188,-1.9514,33.792,0.06213,2622.6,False,27.99919887842981,0.0014999999999998348,0.014952157035018478,0.7107999999999999,0
B0006,158,1.4387,3.6073,2.7902,-1.9536,37.94,0.05973,2574.5,False,27.96414980973363,0.000700000000000145,0.010816977396659896,0.8170999999999999,0
B0006,159,1.416,3.6026,2.7465,-2.1381,35.07,0.06242,2533.9,False,29.100741037452437,-0.022700000000000164,0.00988154846164566,0.8560999999999996,0
B0006,160,1.4307,3.6149,2.7181,-1.9869,36.242,0.06194,2616.4,False,28.364710594832765,0.014700000000000157,0.009471377935646492,0.8967999999999998,0
B0006,161,1.4043,3.6206,2.815,-2.0144,35.979,0.06638,2519.6,False,29.686561185659922,-0.02639999999999998,0.014976748645812603,0.8056000000000001,0
B0006,162,1.4002,3.6352,2.9435,-1.9994,33.215,0.06303,2453.8,False,29.89184858802324,-0.004100000000000215,0.016570365113655512,0.6917000000000004,0
B0006,163,1.4031,3.6139,2.8057,-2.0451,34.029,0.06246,2524.5,False,29.746645303424803,0.0029000000000001247,0.012618755881617297,0.8082000000000003,0
B0006,164,1.3758,3.6081,2.7119,-1.9583,36.795,0.06417,2520.8,False,31.11355898257562,-0.027300000000000102,0.019471183836630285,0.8961999999999999,0
B0006,165,1.3712,3.5646,2.9613,-1.9594,34.803,0.06222,2447.3,False,31.343881434007614,-0.0045999999999999375,0.016054500926526754,0.6033,0
B0006,166,1.3804,3.6221,2.8431,-1.9689,35.68,0.06279,2449.2,False,30.8832365311436,0.009200000000000097,0.014563584723544097,0.7789999999999999,0
B0006,167,1.3359,3.6034,2.9142,-1.9395,37.556,0.06642,2374.6,False,33.11135589825756,-0.044499999999999984,0.024227401841713164,0.6892,0
B0006,168,1.3466,3.6116,2.8655,-1.926,37.04,0.06229,2397.3,False,32.575605848187465,0.010699999999999932,0.019570436888323346,0.7461000000000002,0
B0007,1,1.9933,3.6502,3.0296,-2.035,32.083,0.04996,3579.8,False,0.0,0.0,0.0,0.6206,122
B0007,2,2.0016,3.6696,2.9728,-1.9658,31.376,0.04675,3623.0,False,-0.41639492299201386,0.008299999999999752,0.005868986283848169,0.6968000000000001,121
B0007,3,2.0018,3.6994,2.8001,-1.9647,30.329,0.05058,3576.7,False,-0.42642853559422544,0.00019999999999997797,0.004850773134253811,0.8992999999999998,120
B0007,4,1.9759,3.6875,2.9663,-2.0322,32.733,0.04959,3586.0,False,0.8729242963929185,-0.025899999999999812,0.012162921798098723,0.7212000000000001,119
B0007,5,1.9872,3.6841,2.8967,-1.9712,31.211,0.04696,3585.6,False,0.30602518436763093,0.011300000000000088,0.010864299333136882,0.7873999999999999,118
B0007,6,1.9777,3.6492,2.8455,-2.0451,33.71,0.04704,3516.6,False,0.7826217829729587,-0.009500000000000064,0.012500119999423928,0.8037000000000001,117
B0007,7,1.9892,3.7255,2.9481,-2.0316,32.681,0.04556,3524.7,False,0.20568905834545959,0.011500000000000066,0.010387155529787695,0.7773999999999996,116
B0007,8,1.9721,3.7268,3.1117,-1.995,33.301,0.05477,3532.5,False,1.0635629358350496,-0.017100000000000115,0.007418018603373795,0.6151,115
B0007,9,1.9716,3.7322,3.1005,-1.9486,31.152,0.05077,3541.7,False,1.0886469673405896,-0.0004999999999999449,0.008273028466045534,0.6317000000000004,114
B0007,10,1.9591,3.6742,2.9536,-1.9502,32.116,0.05096,3543.5,False,1.71574775497918,-0.012499999999999956,0.010909766266973753,0.7206000000000001,113
B0007,11,1.9558,3.7082,2.8623,-1.8698,31.889,0.04997,3543.6,False,1.881302362915771,-0.0033000000000000806,0.01318229873732191,0.8459000000000003,112
B0007,12,1.9706,3.6849,3.0689,-1.9729,31.349,0.04977,3549.8,False,1.1388150303516809,0.014799999999999924,0.007766144474576658,0.6159999999999997,111
B0007,13,1.9693,3.6833,3.0475,-2.0958,30.925,0.04799,3540.0,False,1.2040335122660895,-0.0012999999999998568,0.007288141052421938,0.6358000000000001,110
B0007,14,1.9443,3.6776,3.013,-2.022,33.657,0.05244,3500.2,False,2.4582350875432812,-0.025000000000000133,0.010766011331964904,0.6646000000000001,109
B0007,15,1.9484,3.6836,2.8096,-1.9708,31.402,0.0511,3446.2,False,2.2525460291978217,0.0040999999999999925,0.011943910582384514,0.8740000000000001,108
B0007,16,1.952,3.708,3.1031,-1.9092,31.407,0.05139,3512.6,False,2.071941002357902,0.0036000000000000476,0.012211347182026907,0.6049000000000002,107
B0007,17,1.9458,3.6896,2.9374,-1.9576,33.703,0.05108,3526.8,False,2.382982993026639,-0.006199999999999983,0.010123882654396737,0.7522000000000002,106
B0007,18,1.9366,3.7058,3.0176,-1.9455,34.591,0.05102,3420.1,False,2.844529172728638,-0.009199999999999875,0.005730794011303592,0.6882000000000001,105
B0007,19,1.935,3.7149,3.1074,-1.9876,33.399,0.05227,3519.6,False,2.9247980735463863,-0.0016000000000000458,0.007439623646394533,0.6074999999999999,104
B0007,20,1.9466,3.7224,2.9674,-1.9547,32.013,0.04987,3555.0,False,2.3428485426177703,0.011600000000000055,0.007186097689288188,0.7549999999999999,103
B0007,21,1.9364,3.7066,3.1018,-2.0293,32.393,0.05414,3502.2,False,2.854562785330872,-0.010200000000000209,0.005627788197861907,0.6048,102
B0007,22,1.914,3.6828,2.8251,-2.0107,30.716,0.05551,3465.7,False,3.978327396779213,-0.022399999999999975,0.01195708994697263,0.8576999999999999,101
B0007,23,1.9273,3.6817,2.9814,-2.0271,33.585,0.05254,3476.4,False,3.3110921587317543,0.01330000000000009,0.012119323413458078,0.7003000000000004,100
B0007,24,1.9263,3.6854,3.0481,-2.0435,31.577,0.04823,3485.8,False,3.3612602217428456,-0.001000000000000112,0.01218018883269027,0.6373000000000002,99
B0007,25,1.928,3.6988,2.9754,-2.016,33.219,0.05135,3455.8,False,3.2759745146239916,0.0017000000000000348,0.008017792713708055,0.7233999999999998,98
B0007,26,1.9155,3.7277,3.058,-1.975,30.828,0.05147,3434.8,False,3.903075302262582,-0.012499999999999956,0.006866367307389551,0.6697000000000002,97
B0007,27,1.8946,3.692,3.0106,-2.105,33.472,0.05498,3455.0,False,4.9515878191943035,-0.02089999999999992,0.0142180519059393,0.6814,96
B0007,28,1.9159,3.6883,2.8004,-1.9159,33.638,0.0498,3454.7,False,3.8830080770581477,0.021299999999999875,0.013306877920834119,0.8879000000000001,95
B0007,29,1.9136,3.6508,2.9643,-1.8864,33.158,0.05468,3449.9,False,3.9983946219836475,-0.0022999999999999687,0.012012784856143094,0.6864999999999997,94
B0007,30,1.9053,3.6934,2.9648,-2.0482,33.834,0.05464,3399.8,False,4.414789544975672,-0.008299999999999974,0.009111366527583948,0.7286000000000001,93
B0007,31,1.9126,3.6852,2.9127,-1.977,33.519,0.05191,3485.0,False,4.048562684994728,0.007300000000000084,0.008674387586451105,0.7725,92
B0007,32,1.9029,3.6979,2.844,-1.8921,33.053,0.05337,3377.0,False,4.535192896202278,-0.009700000000000042,0.005634980035455203,0.8539000000000003,91
B0007,33,1.8884,3.708,2.9897,-2.0957,33.708,0.05114,3441.5,False,5.262629809863039,-0.014499999999999957,0.010134248862149309,0.7183000000000002,90
B0007,34,1.8927,3.688,3.0142,-2.0449,31.651,0.05175,3431.6,False,5.046907138915369,0.0042999999999999705,0.009777371835006245,0.6738,89
B0007,35,1.8771,3.6482,2.8639,-2.0301,32.345,0.04874,3358.4,False,5.829528921888327,-0.015600000000000058,0.013611502488703152,0.7843,88
B0007,36,1.8872,3.7017,2.8563,-1.9171,31.992,0.05089,3443.1,False,5.322831485476353,0.010099999999999998,0.009353234734570183,0.8454000000000002,87
B0007,37,1.8863,3.6719,2.9863,-1.9323,34.149,0.05064,3394.0,False,5.367982742186328,-0.0008999999999999009,0.005718653687710824,0.6856,86
B0007,38,1.8819,3.6626,2.9482,-1.9997,33.849,0.05478,3377.6,False,5.588722219435116,-0.0044000000000001815,0.0058700936960127195,0.7143999999999999,85
B0007,39,1.8757,3.6946,2.888,-1.9706,32.658,0.05055,3347.6,False,5.899764210103853,-0.006199999999999983,0.005210374266784152,0.8066,84
B0007,40,1.8892,3.6803,3.0113,-2.0257,32.956,0.057,3368.9,False,5.222495359454172,0.013500000000000068,0.005381728346913122,0.669,83
B0007,41,1.8526,3.7036,3.0357,-2.001,32.298,0.05348,3306.2,False,7.058646465659968,-0.036599999999999966,0.014631233714214311,0.6678999999999999,82
B0007,42,1.8667,3.689,2.9824,-2.035,32.453,0.04981,3347.3,False,6.35127677720363,0.014100000000000001,0.014182277673207396,0.7065999999999999,81
B0007,43,1.8665,3.672,2.8041,-2.001,32.145,0.05405,3402.8,False,6.361310389805852,-0.00019999999999997797,0.013480838252866736,0.8679000000000001,80
B0007,44,1.8576,3.6883,3.0339,-1.9817,34.42,0.05387,3290.4,False,6.807806150604534,-0.00890000000000013,0.014033424386084578,0.6543999999999999,79
B0007,45,1.8636,3.7042,2.8748,-1.9502,32.128,0.04976,3358.8,False,6.506797772538009,0.006000000000000005,0.006140439723663931,0.8294000000000001,78
B0007,46,1.8384,3.671,3.0034,-2.0955,31.69,0.05117,3307.2,False,7.771032960417401,-0.02519999999999989,0.01185381795034613,0.6675999999999997,77
B0007,47,1.8492,3.7054,2.8958,-1.9752,33.051,0.0538,3302.6,False,7.229217879897664,0.01079999999999992,0.011425322752550416,0.8096000000000001,76
B0007,48,1.8583,3.6565,3.0348,-1.9407,33.061,0.05248,3356.9,False,6.77268850649676,0.009100000000000108,0.009853019841649819,0.6216999999999997,75
B0007,49,1.8179,3.6787,2.8389,-2.0025,33.799,0.05349,3238.1,False,8.799478252144688,-0.04039999999999999,0.01814736895530411,0.8397999999999999,74
B0007,50,1.842,3.6777,2.9997,-1.9919,33.987,0.05099,3320.9,False,7.590427933577482,0.02410000000000001,0.015064627443117583,0.6780000000000004,73
B0007,51,1.8532,3.6433,2.8357,-2.0293,32.51,0.05113,3330.7,False,7.028545627853311,0.011199999999999877,0.01582172556960634,0.8075999999999999,72
B0007,52,1.8556,3.653,2.8311,-2.0651,34.594,0.05196,3339.3,False,6.908142276626705,0.0023999999999999577,0.01657633855831668,0.8218999999999999,71
B0007,53,1.83,3.6556,2.8245,-1.8771,34.412,0.05169,3313.4,False,8.192444689710532,-0.025599999999999845,0.015887668173773253,0.8311000000000002,70
B0007,54,1.8226,3.6379,2.9392,-1.942,34.111,0.05261,3275.7,False,8.563688355992582,-0.007400000000000073,0.014335689728782823,0.6987000000000001,69
B0007,55,1.8353,3.6831,3.0746,-2.081,33.102,0.05545,3267.6,False,7.92655395575178,0.012699999999999934,0.01449372277918711,0.6084999999999998,68
B0007,56,1.831,3.6813,2.8775,-1.9564,32.319,0.05015,3279.8,False,8.142276626699452,-0.0042999999999999705,0.012441462936484625,0.8037999999999998,67
B0007,57,1.8304,3.6637,2.82,-2.0911,34.77,0.05504,3317.8,False,8.172377464506098,-0.0005999999999999339,0.004580174669148874,0.8437000000000001,66
B0007,58,1.8281,3.6857,2.8928,-2.0082,32.604,0.05871,3307.2,False,8.287764009431598,-0.0022999999999999687,0.004644028423676184,0.7929000000000004,65
B0007,59,1.8106,3.6809,2.9494,-1.9248,32.475,0.05479,3291.1,False,9.165705112125622,-0.01750000000000007,0.00957324396429482,0.7315,64
B0007,60,1.816,3.6743,2.9613,-2.0028,32.528,0.05278,3313.1,False,8.894797571865753,0.005400000000000071,0.009317832365947533,0.7130000000000001,63
B0007,61,1.8079,3.6555,2.8572,-1.945,33.828,0.05496,3246.5,False,9.301158882255557,-0.008099999999999996,0.010182583169308795,0.7982999999999998,62
B0007,62,1.8116,3.6589,2.9344,-1.9515,34.005,0.0518,3235.2,False,9.11553704911453,0.0037000000000000366,0.007965739137072204,0.7244999999999999,61
B0007,63,1.8038,3.7051,2.9678,-1.9861,31.801,0.05266,3235.9,False,9.506847940601016,-0.007800000000000029,0.0045212830037363195,0.7372999999999998,60
B0007,64,1.7954,3.6586,3.0583,-2.0268,31.765,0.05565,3254.3,False,9.928259669894146,-0.008399999999999963,0.007870069885323063,0.6002999999999998,59
B0007,65,1.8049,3.6399,3.0326,-1.9662,32.139,0.05392,3245.3,False,9.451663071288818,0.009499999999999842,0.006024699162602637,0.6073,58
B0007,66,1.8117,3.7103,2.9272,-1.8753,32.214,0.05573,3290.3,False,9.110520242813426,0.006800000000000139,0.006725102229696315,0.7831000000000001,57
B0007,67,1.7802,3.6769,2.9617,-1.9723,33.549,0.05679,3206.7,False,10.69081422766267,-0.031500000000000083,0.012096900429442834,0.7151999999999998,56
B0007,68,1.7854,3.6897,3.0724,-1.9634,32.623,0.0522,3196.7,False,10.429940300005015,0.0052000000000000934,0.01310446488796268,0.6173000000000002,55
B0007,69,1.7777,3.6824,2.9455,-2.0078,34.765,0.05718,3207.2,False,10.816234385190393,-0.00770000000000004,0.015344282322736366,0.7368999999999999,54
B0007,70,1.7726,3.6974,3.0951,-1.9937,33.025,0.05277,3146.6,False,11.072091506546933,-0.0051000000000001044,0.01534428232273595,0.6023000000000001,53
B0007,71,1.784,3.6519,2.9424,-2.0543,32.039,0.05534,3257.1,False,10.50017558822054,0.011400000000000077,0.005129522394903193,0.7094999999999998,52
B0007,72,1.7752,3.6777,2.9362,-2.0339,32.275,0.05071,3198.8,False,10.941654542718116,-0.008800000000000141,0.005546350151208531,0.7415000000000003,51
B0007,73,1.749,3.6359,2.7914,-2.0416,33.903,0.05563,3175.0,False,12.256057793608587,-0.02619999999999978,0.013375724279447046,0.8445,50
B0007,74,1.7758,3.6892,2.8266,-1.9848,33.857,0.05477,3184.5,False,10.911553704911459,0.026799999999999935,0.01318832817303953,0.8626,49
B0007,75,1.7618,3.6479,3.0008,-2.0047,32.766,0.05344,3135.0,False,11.61390658706668,-0.014000000000000012,0.013796666263985012,0.6471,48
B0007,76,1.7718,3.6673,2.9045,-1.9596,32.809,0.05175,3219.9,False,11.1122259569558,0.010000000000000009,0.011383848206989388,0.7627999999999999,47
B0007,77,1.7535,3.6548,3.0164,-1.9429,33.499,0.05253,3172.6,False,12.030301510058694,-0.018299999999999983,0.011478762999546841,0.6383999999999999,46
B0007,78,1.7509,3.7004,2.8379,-2.1118,33.852,0.05887,3198.9,False,12.160738473887534,-0.0026000000000001577,0.010944085160476744,0.8625000000000003,45
B0007,79,1.7709,3.6452,3.027,-2.0361,33.599,0.05204,3168.3,False,11.157377213665786,0.020000000000000018,0.009624292181753627,0.6181999999999999,44
B0007,80,1.7427,3.6794,2.9147,-1.9862,32.193,0.05452,3114.5,False,12.572116590578442,-0.028200000000000003,0.012860715376671533,0.7646999999999999,43
B0007,81,1.755,3.6868,2.8381,-2.0378,30.73,0.05137,3201.7,False,11.955049415542074,0.012299999999999978,0.010275699489560187,0.8487,42
B0007,82,1.7392,3.6459,3.0126,-1.9367,33.589,0.05463,3126.6,False,12.747704811117245,-0.015799999999999814,0.012423888280234203,0.6333000000000002,41
B0007,83,1.7424,3.6934,3.0098,-1.9637,34.715,0.05281,3158.9,False,12.587167009481771,0.0031999999999998696,0.013129089838969703,0.6836000000000002,40
B0007,84,1.734,3.6098,2.8675,-2.0509,34.127,0.05555,3126.8,False,13.0085787387749,-0.008399999999999963,0.007734856171883429,0.7422999999999997,39
B0007,85,1.7533,3.6376,2.9242,-1.9848,32.744,0.05499,3108.0,False,12.040335122660917,0.019300000000000095,0.00908361161651731,0.7134,38
B0007,86,1.7448,3.6481,2.8628,-2.0016,34.559,0.055,3139.7,False,12.466763658255164,-0.008500000000000174,0.007155277772366656,0.7852999999999999,37
B0007,87,1.7217,3.6606,2.9264,-2.0392,33.545,0.05435,3168.1,False,13.625645913811269,-0.0230999999999999,0.01197593420154427,0.7342,36
B0007,88,1.7235,3.6894,2.8949,-1.987,32.337,0.05464,3108.7,False,13.535343400391309,0.0018000000000000238,0.013601580790470996,0.7945000000000002,35
B0007,89,1.7372,3.665,2.8857,-1.968,35.204,0.05514,3198.6,False,12.848040937139416,0.013700000000000045,0.013590989662261946,0.7793000000000001,34
B0007,90,1.7133,3.6417,2.9871,-1.8834,34.54,0.05507,3121.4,False,14.047057643104399,-0.023900000000000032,0.012677341992692787,0.6546000000000003,33
B0007,91,1.7219,3.6976,2.8369,-2.0133,33.206,0.05161,3131.3,False,13.615612301209056,0.008599999999999941,0.008624499985487978,0.8607,32
B0007,92,1.7092,3.6712,3.037,-2.0177,33.324,0.05605,3106.2,False,14.252746701449858,-0.012699999999999934,0.01081697739665182,0.6341999999999999,31
B0007,93,1.7031,3.6428,2.8788,-1.9811,31.737,0.05349,3110.6,False,14.558771885817489,-0.006099999999999994,0.013226601982356093,0.7639999999999998,30
B0007,94,1.7097,3.6412,2.9241,-1.9993,34.478,0.05309,3052.2,False,14.22766266994432,0.006599999999999939,0.006900579685769259,0.7170999999999998,29
B0007,95,1.7052,3.6538,2.851,-2.0615,34.126,0.05808,3084.0,False,14.453418953494202,-0.0044999999999999485,0.0072943128531511815,0.8028,28
B0007,96,1.7008,3.6532,2.8398,-2.0036,35.055,0.05575,3034.7,False,14.67415843074299,-0.0043999999999999595,0.0038477266014666353,0.8134000000000001,27
B0007,97,1.6913,3.6577,2.9759,-1.9757,34.375,0.05795,3087.1,False,15.150755029348318,-0.009500000000000064,0.006831324908070404,0.6818,26
B0007,98,1.7031,3.6368,2.8743,-2.0038,33.33,0.05366,3052.3,False,14.558771885817489,0.011800000000000033,0.006831324908070404,0.7625000000000002,25
B0007,99,1.6852,3.6393,3.0265,-1.9411,34.088,0.06124,3038.5,False,15.456780213715948,-0.017900000000000027,0.008522734303004344,0.6128,24
B0007,100,1.684,3.6527,2.9617,-1.9782,35.973,0.05463,3056.9,False,15.516981889329262,-0.0012000000000000899,0.008767953010799748,0.6909999999999998,23
B0007,101,1.6858,3.6214,2.8079,-1.9366,33.028,0.05627,2982.7,False,15.426679375909302,0.0018000000000000238,0.0079042393688186,0.8134999999999999,22
B0007,102,1.668,3.6712,3.0153,-2.0554,34.221,0.0556,2988.3,False,16.319670897506654,-0.017800000000000038,0.012430285596057999,0.6558999999999999,21
B0007,103,1.6849,3.6295,2.7402,-1.9923,34.86,0.05878,3012.8,False,15.471830632619277,0.016900000000000137,0.007619186308232242,0.8893,20
B0007,104,1.6837,3.6369,3.0139,-2.0567,35.226,0.05501,3091.1,False,15.53203230823258,-0.0012000000000000899,0.007469069553803367,0.6229999999999998,19
B0007,105,1.6771,3.6312,3.0192,-1.9609,34.99,0.05632,3020.1,False,15.86314152410575,-0.006599999999999939,0.007478301946267461,0.6120000000000001,18
B0007,106,1.6756,3.654,2.9065,-2.0406,34.181,0.05892,3064.6,False,15.938393618622392,-0.0015000000000000568,0.006829568068299837,0.7475,17
B0007,107,1.6727,3.6567,2.9702,-2.0333,33.81,0.0549,2973.4,False,16.083881001354538,-0.0028999999999999027,0.005281098370561156,0.6864999999999997,16
B0007,108,1.6651,3.6535,2.887,-1.9727,34.252,0.05781,2996.0,False,16.4651582802388,-0.007600000000000051,0.0067755442585471564,0.7665000000000002,15
B0007,109,1.6628,3.6349,2.8401,-1.9666,33.354,0.05685,2974.3,False,16.5805448251643,-0.0022999999999999687,0.006378322663484363,0.7948,14
B0007,110,1.6503,3.625,2.9195,-1.9467,34.636,0.06094,2964.8,False,17.207645612802892,-0.012499999999999956,0.009901262545731211,0.7054999999999998,13
B0007,111,1.6827,3.6479,2.9637,-2.0199,34.276,0.05802,3025.5,False,15.58220037124366,0.032399999999999984,0.01202838309996425,0.6842000000000001,12
B0007,112,1.667,3.6548,2.8125,-2.0454,34.416,0.05639,2982.4,False,16.369838960517736,-0.015700000000000047,0.01158175288976161,0.8422999999999998,11
B0007,113,1.6384,3.6992,2.9437,-2.0728,33.471,0.05713,2965.5,False,17.804645562634825,-0.02859999999999996,0.016826259239637355,0.7554999999999996,10
B0007,114,1.6486,3.6608,2.9642,-1.983,33.233,0.05579,2939.9,False,17.292931319921735,0.010199999999999987,0.01747212064975145,0.6966000000000001,9
B0007,115,1.628,3.6655,2.9618,-1.9512,34.271,0.05899,2877.6,False,18.326393417950136,-0.020600000000000174,0.02199768169602099,0.7037,8
B0007,116,1.6454,3.6503,2.9037,-1.981,33.141,0.0541,2940.3,False,17.45346912155722,0.017400000000000082,0.0143920811559492,0.7465999999999999,7
B0007,117,1.6393,3.6597,3.0359,-2.0491,33.441,0.0565,2909.8,False,17.75949430592485,-0.006099999999999994,0.007908097116209866,0.6238000000000001,6
B0007,118,1.6163,3.626,2.797,-2.059,34.187,0.05979,2870.2,False,18.913359755179847,-0.02299999999999991,0.013313038721471118,0.8289999999999997,5
B0007,119,1.6253,3.6643,2.8531,-2.0287,35.412,0.05688,2958.7,False,18.46184718808007,0.008999999999999897,0.011551320270833644,0.8111999999999999,4
B0007,120,1.6285,3.6374,3.0273,-1.984,35.25,0.05633,2932.6,False,18.301309386444586,0.0032000000000000917,0.011522499728764261,0.6101000000000001,3
B0007,121,1.6152,3.6564,3.0293,-1.9492,34.775,0.05506,2943.5,False,18.968544624492058,-0.01330000000000009,0.009855556808184666,0.6271,2
B0007,122,1.6297,3.6645,2.7746,-1.9957,32.56,0.05372,2941.1,False,18.241107710831294,0.014499999999999957,0.006822023160276522,0.8898999999999999,1
B0007,123,1.593,3.6207,2.9439,-1.9692,32.989,0.05724,2912.6,False,20.082275623338187,-0.036699999999999955,0.015270003274372137,0.6767999999999996,0
B0007,124,1.4063,3.6013,2.5899,-1.9451,39.623,0.0641,2505.8,True,29.44865298750815,-0.18669999999999987,0.09520111869090189,1.0114,0
B0007,125,1.5846,3.6429,2.9126,-1.9832,33.649,0.05561,2878.4,False,20.503687352631317,0.1782999999999999,0.09090804694854665,0.7303000000000002,0
B0007,126,1.5754,3.6593,2.9074,-2.0703,35.514,0.05775,2846.0,False,20.96523353233333,-0.009200000000000097,0.08716206170117327,0.7519,0
B0007,127,1.4419,3.5988,2.6733,-1.9946,39.86,0.06018,2607.3,True,27.662669944313457,-0.13349999999999995,0.08887959833392038,0.9255000000000004,0
B0007,128,1.5291,3.6286,2.827,-2.0409,35.907,0.05876,2747.1,False,23.288014849746663,0.08719999999999994,0.07994712627730267,0.8016000000000001,0
B0007,129,1.5444,3.5933,2.9817,-1.9519,32.624,0.05758,2768.0,False,22.52044348567702,0.015300000000000091,0.05675180173350515,0.6116000000000001,0
B0007,130,1.5572,3.6489,2.8489,-1.9348,33.916,0.06087,2762.1,False,21.878292279135113,0.012799999999999923,0.05188925707696207,0.7999999999999998,0
B0007,131,1.542,3.6232,2.815,-2.0109,35.025,0.05817,2792.3,False,22.640846836903627,-0.01519999999999988,0.046376146886077545,0.8082000000000003,0
B0007,132,1.517,3.64,2.991,-2.003,34.457,0.05996,2747.1,False,23.89504841218081,-0.025000000000000133,0.015376865740425781,0.649,0
B0007,133,1.535,3.649,2.963,-1.8456,35.306,0.06027,2784.1,False,22.992023277981243,0.018000000000000016,0.014742184370000353,0.6859999999999999,0
B0007,134,1.4959,3.6155,2.7321,-1.9676,34.851,0.06036,2725.2,False,24.95359454171475,-0.03909999999999991,0.02365886725942425,0.8834,0
B0007,135,1.5061,3.6227,2.8006,-1.9432,35.737,0.05666,2701.6,False,24.44188029900166,0.010199999999999987,0.019292615167442462,0.8220999999999998,0
B0007,136,1.4907,3.6392,2.7889,-1.9858,35.641,0.06031,2663.0,False,25.21446846937241,-0.01540000000000008,0.01771222741495281,0.8503000000000003,0
B0007,137,1.478,3.6221,2.8703,-2.0943,34.735,0.06055,2651.9,False,25.85160286961321,-0.012699999999999934,0.0214651578144441,0.7518000000000002,0
B0007,138,1.4697,3.6302,2.9606,-2.0814,34.834,0.06213,2696.1,False,26.267997792605225,-0.008299999999999974,0.014423661116338235,0.6696,0
B0007,139,1.4715,3.5914,2.7937,-1.9872,35.348,0.06165,2621.2,False,26.177695279185276,0.0018000000000000238,0.015222023518539103,0.7977000000000003,0
B0007,140,1.4559,3.6268,2.7803,-2.0403,34.919,0.05547,2602.0,False,26.960317062158236,-0.015600000000000058,0.012685740025672026,0.8464999999999998,0
B0007,141,1.4416,3.5958,2.8991,-2.0028,33.091,0.0616,2567.0,False,27.677720363216785,-0.01429999999999998,0.014576796630224308,0.6967000000000003,0
B0007,142,1.4432,3.5908,2.7272,-2.0142,35.644,0.06139,2590.1,False,27.597451462399036,0.0016000000000000458,0.01412823414298135,0.8636000000000004,0
B0007,143,1.4145,3.5826,2.8149,-2.0004,34.904,0.06296,2537.8,False,29.03727487081723,-0.028699999999999948,0.021009117068522373,0.7676999999999996,0
B0007,144,1.4118,3.6062,3.0001,-1.9838,37.408,0.06043,2539.0,False,29.172728640947177,-0.0027000000000001467,0.019321620014865558,0.6060999999999996,0
B0007,145,1.4173,3.6121,2.7742,-2.0775,34.986,0.05951,2499.3,False,28.896804294386193,0.00550000000000006,0.015396980223369675,0.8378999999999999,0
B0007,146,1.3966,3.5885,2.8228,-1.9699,34.716,0.06155,2458.1,False,29.9352831987157,-0.02069999999999994,0.016848353035202556,0.7656999999999998,0
B0007,147,1.3912,3.6167,2.8474,-2.0357,36.705,0.05915,2466.7,False,30.206190738975568,-0.005400000000000071,0.011625274190263232,0.7692999999999999,0
B0007,148,1.3948,3.6426,2.98,-2.002,33.436,0.05806,2514.4,False,30.02558571213565,0.0036000000000000476,0.011480331005628409,0.6625999999999999,0
B0007,149,1.3756,3.5842,2.7567,-1.9942,36.691,0.06276,2513.0,False,30.98881252194854,-0.019200000000000106,0.014921796138494224,0.8275000000000001,0
B0007,150,1.3708,3.6033,2.7879,-2.0489,38.589,0.06333,2478.9,False,31.229619224401752,-0.0047999999999999154,0.011788129622580726,0.8153999999999999,0
B0007,151,1.3676,3.6427,2.8305,-2.0803,37.198,0.06197,2464.8,False,31.390157026037237,-0.0032000000000000917,0.012270289320091627,0.8122000000000003,0
B0007,152,1.3411,3.6117,2.8487,-1.995,35.669,0.06703,2473.4,False,32.71961069583104,-0.026499999999999968,0.019287353369468227,0.7629999999999999,0
B0007,153,1.3459,3.6032,2.8735,-1.9447,35.596,0.06224,2452.0,False,32.47880399337782,0.0048000000000001375,0.015601121754499512,0.7297000000000002,0
B0007,154,1.3316,3.599,2.8569,-1.9648,37.951,0.06481,2440.7,False,33.19620729443636,-0.014300000000000201,0.017082008078639434,0.7421000000000002,0
B0007,155,1.3201,3.6027,2.9117,-2.0114,36.852,0.0638,2333.7,False,33.77314001906386,-0.011499999999999844,0.017722951221472195,0.6909999999999998,0
B0007,156,1.3069,3.5684,2.8244,-1.8968,37.521,0.06007,2395.1,False,34.43535845081021,-0.0132000000000001,0.015861336639724274,0.7440000000000002,0
B0007,157,1.321,3.5672,2.8115,-1.9452,36.624,0.06096,2396.1,False,33.72798876235389,0.014100000000000001,0.014559704667288115,0.7557,0
B0007,158,1.2818,3.5878,2.7745,-1.9991,35.81,0.06614,2336.5,False,35.694576832388506,-0.0391999999999999,0.019160036534375858,0.8132999999999999,0
B0007,159,1.3078,3.6137,2.8688,-1.9634,36.419,0.06402,2347.0,False,34.39020719410023,0.026000000000000023,0.015826781100356683,0.7449000000000003,0
B0007,160,1.2742,3.572,2.8753,-1.9879,37.796,0.06443,2323.6,False,36.07585411127276,-0.033600000000000074,0.01957391120850883,0.6966999999999999,0
B0007,161,1.2886,3.5887,2.7511,-2.0122,37.59,0.0655,2283.8,False,35.35343400391311,0.014399999999999968,0.019281908619184468,0.8375999999999997,0
B0007,162,1.271,3.6236,2.7898,-1.9776,36.92,0.06251,2303.1,False,36.23639191290825,-0.01760000000000006,0.014621627816305554,0.8338000000000001,0
B0007,163,1.247,3.5745,2.6752,-1.9822,36.214,0.06595,2242.8,False,37.440425425174325,-0.0239999999999998,0.022496933124284867,0.8993000000000002,0
B0007,164,1.2526,3.601,2.7204,-1.998,36.172,0.06178,2227.1,False,37.15948427231225,0.005599999999999827,0.016891181130948944,0.8805999999999998,0
B0007,165,1.2597,3.5967,2.8984,-2.077,36.33,0.06793,2261.9,False,36.80329102493353,0.007100000000000106,0.01651792965230574,0.6982999999999997,0
B0007,166,1.2487,3.5943,2.8982,-2.0668,37.446,0.06436,2273.5,False,37.3551397180555,-0.01100000000000012,0.009802295649413467,0.6960999999999999,0
B0007,167,1.219,3.5864,2.8182,-2.0077,37.091,0.06509,2174.7,False,38.845131189484775,-0.029699999999999838,0.015546221405810957,0.7681999999999998,0
B0007,168,1.2347,3.6062,2.8265,-1.9716,35.849,0.06294,2253.6,False,38.05749260021071,0.015699999999999825,0.01618959542417571,0.7797000000000001,0
B0008,1,2.0034,3.684,3.0684,-1.9943,30.724,0.04959,3647.5,False,0.0,0.0,0.0,0.6156000000000001,107
B0008,2,2.0119,3.7161,3.0531,-1.9755,32.779,0.05121,3645.0,False,-0.42427872616550566,0.00849999999999973,0.0060104076400854635,0.6629999999999998,106
B0008,3,1.9964,3.698,3.0808,-2.0949,32.361,0.05044,3610.2,False,0.34940600978337066,-0.015499999999999847,0.007762087348129876,0.6172,105
B0008,4,1.977,3.7094,3.0461,-1.9961,32.077,0.05108,3619.5,False,1.3177598083258468,-0.019399999999999862,0.01486839489207432,0.6633,104
B0008,5,1.9777,3.7007,2.997,-2.0274,32.084,0.05314,3613.9,False,1.2828192073475075,0.0006999999999999229,0.015545320839403591,0.7037,103
B0008,6,1.99,3.691,2.8696,-2.0214,31.489,0.04665,3623.8,False,0.6688629330138807,0.012299999999999978,0.014483266206211721,0.8213999999999997,102
B0008,7,1.9928,3.7473,2.8616,-1.9271,32.114,0.05176,3537.5,False,0.5291005291005346,0.0027999999999999137,0.008905728493503252,0.8856999999999999,101
B0008,8,1.9953,3.715,2.8894,-1.9677,31.262,0.04893,3577.7,False,0.40431266846361336,0.0025000000000001688,0.008617598273300746,0.8255999999999997,100
B0008,9,1.9597,3.7112,2.9059,-2.0351,32.59,0.05027,3537.3,False,2.1812918039333162,-0.035600000000000076,0.014724639214595268,0.8052999999999999,99
B0008,10,1.9696,3.6778,2.8175,-2.0032,34.205,0.0507,3517.4,False,1.687131875811121,0.00990000000000002,0.01586842777341212,0.8603000000000001,98
B0008,11,1.9857,3.7105,2.8699,-1.9405,31.433,0.05003,3569.1,False,0.8834980533093728,0.016100000000000003,0.01540087659842769,0.8406000000000002,97
B0008,12,1.9581,3.6884,2.8425,-1.9881,30.905,0.04773,3574.5,False,2.261156034740941,-0.02760000000000007,0.01633040109733989,0.8459000000000003,96
B0008,13,1.9677,3.6822,2.8101,-2.0739,33.617,0.04986,3582.8,False,1.7819706498951815,0.009600000000000053,0.010985353885970219,0.8721000000000001,95
B0008,14,1.9667,3.7236,2.8849,-1.9573,32.919,0.05191,3550.5,False,1.8318857941499567,-0.001000000000000112,0.010043306228528564,0.8386999999999998,94
B0008,15,1.9614,3.7325,2.9174,-1.9998,32.246,0.05158,3517.7,False,2.096436058700213,-0.00529999999999986,0.010684193933095833,0.8150999999999997,93
B0008,16,1.9645,3.6913,2.9561,-1.9995,31.113,0.04724,3540.2,False,1.941699111510442,0.0030999999999998806,0.0039461373518929425,0.7351999999999999,92
B0008,17,1.9638,3.7051,3.0556,-2.0966,30.856,0.05467,3503.4,False,1.9766397124887702,-0.0006999999999999229,0.002483344518991199,0.6494999999999997,91
B0008,18,1.9626,3.6807,2.9269,-2.0317,32.786,0.05102,3519.2,False,2.0365378855945027,-0.0012000000000000899,0.0020062402647749254,0.7538,90
B0008,19,1.9436,3.6969,2.8515,-1.9786,34.965,0.05383,3520.0,False,2.9849256264350643,-0.018999999999999906,0.00878931169091232,0.8453999999999997,89
B0008,20,1.9508,3.6538,3.0284,-1.9359,31.505,0.04959,3506.5,False,2.6255365878007364,0.007200000000000095,0.009378592644955311,0.6254,88
B0008,21,1.9386,3.6663,3.0279,-2.0446,31.627,0.04967,3505.2,False,3.2345013477088957,-0.012199999999999989,0.011214811634620316,0.6384000000000003,87
B0008,22,1.9445,3.6881,2.9194,-2.0071,32.055,0.05205,3520.2,False,2.940001996605779,0.005899999999999794,0.009232659421857805,0.7686999999999999,86
B0008,23,1.9429,3.6931,3.0311,-2.043,33.111,0.05203,3511.0,False,3.0198662274133925,-0.0015999999999998238,0.0043871402986482635,0.6619999999999999,85
B0008,24,1.9448,3.6926,2.8119,-1.9532,33.242,0.0509,3542.3,False,2.925027453329343,0.0019000000000000128,0.004387140298648247,0.8807,84
B0008,25,1.9419,3.7039,2.9869,-1.9876,31.613,0.05257,3580.7,False,3.0697813716681677,-0.0029000000000001247,0.0025005999280221258,0.7170000000000001,83
B0008,26,1.9334,3.6914,2.9299,-2.0244,33.944,0.04999,3465.9,False,3.4940600978336844,-0.008499999999999952,0.004680277769537296,0.7614999999999998,82
B0008,27,1.9189,3.6727,2.8854,-1.9684,35.286,0.05089,3404.0,False,4.217829689527807,-0.014499999999999957,0.010704064648535594,0.7872999999999997,81
B0008,28,1.9413,3.6767,2.871,-2.0141,31.72,0.05082,3517.1,False,3.0997304582210283,0.022399999999999975,0.010482032245706431,0.8056999999999999,80
B0008,29,1.9276,3.6792,2.8968,-2.0072,31.162,0.05224,3416.2,False,3.7835679345113338,-0.013700000000000045,0.009689014397761705,0.7824,79
B0008,30,1.9231,3.7036,3.0203,-1.9705,32.397,0.05388,3489.2,False,4.008186083657783,-0.0044999999999999485,0.008793918353045927,0.6832999999999996,78
B0008,31,1.9295,3.708,2.8961,-2.022,31.079,0.05225,3489.6,False,3.688729160427273,0.006399999999999961,0.008457068049864496,0.8119000000000001,77
B0008,32,1.9336,3.6713,2.9741,-1.977,32.327,0.04756,3491.7,False,3.4840770689827383,0.0040999999999999925,0.006875099999275331,0.6972,76
B0008,33,1.9017,3.6664,3.0329,-1.9088,31.374,0.05131,3424.4,False,5.076370170709799,-0.03190000000000004,0.012544122129509208,0.6334999999999997,75
B0008,34,1.9356,3.6805,2.9549,-1.9226,32.011,0.05273,3439.8,False,3.384246780473199,0.03390000000000004,0.013716960304675462,0.7256,74
B0008,35,1.9137,3.6539,2.799,-1.958,32.468,0.05109,3422.2,False,4.4773884396525965,-0.02190000000000003,0.014606402705664477,0.8549000000000002,73
B0008,36,1.9108,3.6926,2.8153,-2.1313,31.703,0.0521,3436.5,False,4.62214235799141,-0.0028999999999999027,0.01486024898849416,0.8773,72
B0008,37,1.9146,3.6925,2.8495,-2.0263,32.267,0.05401,3424.4,False,4.4324648098232995,0.0038000000000000256,0.012453393111920978,0.843,71
B0008,38,1.9075,3.6898,2.8438,-2.015,33.514,0.05431,3431.7,False,4.786862334032149,-0.007100000000000106,0.011064944645141293,0.8460000000000001,70
B0008,39,1.9036,3.679,2.9234,-1.9573,32.809,0.0524,3392.8,False,4.981531396625738,-0.0039000000000000146,0.00454675708610431,0.7555999999999998,69
B0008,40,1.8937,3.7269,2.85,-2.0387,34.069,0.05269,3425.9,False,5.475691324747933,-0.00990000000000002,0.008004561199718565,0.8769,68
B0008,41,1.8995,3.6786,2.9191,-2.0691,32.515,0.0526,3474.7,False,5.186183488070284,0.005800000000000027,0.007919406543424807,0.7595000000000001,67
B0008,42,1.8994,3.6382,2.8435,-1.863,33.47,0.05039,3436.6,False,5.191175002495763,-9.999999999998899e-05,0.005166526879833253,0.7946999999999997,66
B0008,43,1.8887,3.6562,3.0029,-1.9954,30.796,0.04993,3399.9,False,5.725267046021765,-0.010699999999999932,0.00581695796787637,0.6533000000000002,65
B0008,44,1.8896,3.6913,2.8036,-1.9643,31.479,0.05549,3349.8,False,5.680343416192479,0.0008999999999999009,0.00516691397257992,0.8877000000000002,64
B0008,45,1.8803,3.6904,3.0586,-1.9842,33.281,0.05243,3353.8,False,6.144554257761802,-0.009299999999999864,0.008113260750157272,0.6317999999999997,63
B0008,46,1.8839,3.6584,3.0312,-1.9799,31.573,0.05296,3352.0,False,5.96485973844465,0.0035999999999998256,0.007217825157209349,0.6271999999999998,62
B0008,47,1.8894,3.6736,3.0145,-1.9838,33.899,0.0507,3402.6,False,5.6903264450434365,0.00550000000000006,0.0041227418061339826,0.6591,61
B0008,48,1.8742,3.6729,3.0467,-2.0363,31.539,0.04969,3303.3,False,6.449036637715877,-0.01519999999999988,0.006498230528385787,0.6261999999999999,60
B0008,49,1.871,3.6932,2.9532,-2.0684,34.565,0.05131,3377.5,False,6.608765099331137,-0.0032000000000000917,0.007382614712962178,0.7400000000000002,59
B0008,50,1.8856,3.6961,3.0248,-2.0116,31.068,0.05718,3346.2,False,5.880003993211547,0.014599999999999946,0.00784550826906996,0.6713,58
B0008,51,1.8663,3.6591,2.952,-1.9324,35.225,0.05172,3319.7,False,6.843366277328544,-0.019299999999999873,0.009818350166909226,0.7071000000000001,57
B0008,52,1.7567,3.6572,2.7649,-1.9889,41.504,0.05266,3182.1,True,12.314066087651,-0.10960000000000014,0.053060559740734606,0.8923000000000001,56
B0008,53,1.872,3.6986,3.0723,-2.0711,31.334,0.05105,3338.0,False,6.558849955076374,0.11530000000000018,0.052826196153045755,0.6263000000000001,55
B0008,54,1.8771,3.6886,2.8045,-1.9802,32.946,0.05486,3392.8,False,6.304282719377063,0.005099999999999882,0.05348946625271246,0.8841000000000001,54
B0008,55,1.8678,3.7098,2.9177,-2.0152,31.956,0.05405,3399.1,False,6.768493560946398,-0.009300000000000086,0.051199189446709675,0.7921,53
B0008,56,1.8642,3.7058,2.9731,-2.0028,32.775,0.05126,3427.0,False,6.9481880802635505,-0.0035999999999998256,0.05101963347575194,0.7326999999999999,52
B0008,57,1.8616,3.6711,2.9916,-1.9506,30.828,0.05125,3380.4,False,7.07796745532595,-0.0026000000000001577,0.006180453057831571,0.6795,51
B0008,58,1.8535,3.6615,2.813,-1.933,33.396,0.05202,3329.2,False,7.482280123789565,-0.008099999999999996,0.008639618047116486,0.8485,50
B0008,59,1.8494,3.6575,2.8464,-2.0309,31.869,0.04989,3335.5,False,7.68693221523411,-0.0040999999999999925,0.00763544366753256,0.8111000000000002,49
B0008,60,1.8573,3.7126,2.8396,-1.9852,33.169,0.05235,3365.6,False,7.292602575621454,0.007900000000000018,0.005977039400912838,0.8730000000000002,48
B0008,61,1.8603,3.6856,2.9636,-2.0179,31.47,0.05118,3329.9,False,7.14285714285714,0.0030000000000001137,0.005011686342945327,0.722,47
B0008,62,1.8389,3.6846,2.8659,-2.0454,33.25,0.05115,3300.9,False,8.211041229909155,-0.021400000000000086,0.00832958582404112,0.8187000000000002,46
B0008,63,1.8408,3.6882,3.0347,-1.9494,32.709,0.05188,3275.9,False,8.116202455825105,0.0019000000000000128,0.009557876333164603,0.6535000000000002,45
B0008,64,1.8479,3.6951,2.9178,-1.8881,34.343,0.05243,3316.6,False,7.761804931616245,0.007100000000000106,0.009579039617835818,0.7772999999999999,44
B0008,65,1.8476,3.6604,2.9686,-1.9819,33.171,0.05442,3377.4,False,7.776779474892692,-0.000300000000000189,0.00839732100137118,0.6918000000000002,43
B0008,66,1.8422,3.6741,2.9776,-1.9516,32.626,0.05317,3321.8,False,8.046321253868427,-0.005399999999999849,0.004071486215139503,0.6965000000000003,42
B0008,67,1.8417,3.6491,2.7896,-2.0444,31.985,0.05188,3334.1,False,8.07127882599582,-0.000500000000000167,0.0034253466977914424,0.8594999999999997,41
B0008,68,1.834,3.679,2.7801,-2.0231,33.583,0.05451,3279.4,False,8.455625436757508,-0.007699999999999818,0.005656589078240581,0.8988999999999998,40
B0008,69,1.8349,3.7192,2.9312,-2.0347,32.817,0.05349,3298.2,False,8.410701806928223,0.0008999999999999009,0.005645086358956023,0.7879999999999998,39
B0008,70,1.8305,3.6457,2.8329,-2.0075,32.852,0.05226,3289.6,False,8.630328441649194,-0.0043999999999999595,0.005104213945366453,0.8128000000000002,38
B0008,71,1.829,3.6921,3.0156,-1.98,32.484,0.05456,3303.5,False,8.70520115803135,-0.0015000000000000568,0.004933254503882249,0.6764999999999999,37
B0008,72,1.8347,3.6895,2.9152,-2.0049,33.237,0.05543,3282.8,False,8.42068483577918,0.005700000000000038,0.002693881957338844,0.7742999999999998,36
B0008,73,1.8173,3.6762,2.9922,-2.0412,33.021,0.05347,3204.7,False,9.289208345812128,-0.017400000000000082,0.007177186078128163,0.6840000000000002,35
B0008,74,1.819,3.6697,2.9088,-1.9292,31.87,0.05197,3195.8,False,9.204352600579025,0.0017000000000000348,0.007575948785470873,0.7609000000000004,34
B0008,75,1.8139,3.6642,2.8975,-1.9446,33.977,0.05388,3254.0,False,9.458919836278323,-0.005099999999999882,0.00871705225406376,0.7667000000000002,33
B0008,76,1.8266,3.6736,2.8638,-2.0858,32.599,0.05498,3356.2,False,8.824997504242793,0.012699999999999934,0.008347155204024804,0.8098000000000001,32
B0008,77,1.8145,3.6569,2.9089,-1.9724,31.348,0.05481,3290.7,False,9.428970749725474,-0.0121,0.005103234268586755,0.7479999999999998,31
B0008,78,1.8159,3.668,3.0327,-1.9915,32.327,0.05738,3258.0,False,9.359089547768795,0.0014000000000000679,0.005206438321931609,0.6353,30
B0008,79,1.8168,3.6242,2.8398,-1.9266,33.129,0.05478,3287.1,False,9.31416591793951,0.0008999999999999009,0.005191627875732037,0.7844000000000002,29
B0008,80,1.8002,3.681,2.8712,-2.0304,34.326,0.05594,3219.2,False,10.14275731256864,-0.016599999999999948,0.009456479260278509,0.8098000000000001,28
B0008,81,1.7969,3.6566,3.0353,-2.05,33.575,0.05556,3231.8,False,10.307477288609368,-0.0033000000000000806,0.009519086090590696,0.6213000000000002,27
B0008,82,1.8119,3.6657,3.0002,-2.0489,34.146,0.05223,3272.0,False,9.558750124787863,0.015000000000000124,0.009199619557355473,0.6655000000000002,26
B0008,83,1.7987,3.6488,3.0389,-1.9309,33.409,0.05201,3246.8,False,10.217630028950786,-0.0132000000000001,0.0088760914821827,0.6099000000000001,25
B0008,84,1.7955,3.7384,2.9418,-2.019,34.647,0.05041,3234.8,False,10.377358490566035,-0.0031999999999998696,0.006541253702469887,0.7965999999999998,24
B0008,85,1.8145,3.6699,2.8135,-2.0198,34.567,0.05446,3241.0,False,9.428970749725474,0.018999999999999906,0.008974408058478035,0.8564000000000003,23
B0008,86,1.7853,3.6566,2.8974,-1.9331,34.341,0.05521,3173.6,False,10.886492961964656,-0.029199999999999893,0.012071950960804793,0.7591999999999999,22
B0008,87,1.7765,3.6771,2.7894,-2.0113,33.645,0.0522,3166.9,False,11.325746231406608,-0.008800000000000141,0.014374282590796638,0.8876999999999997,21
B0008,88,1.7864,3.678,2.8334,-1.9696,33.355,0.05278,3183.4,False,10.831586303284425,0.00990000000000002,0.014442575947526834,0.8445999999999998,20
B0008,89,1.7798,3.6752,2.9537,-2.105,32.535,0.05681,3206.0,False,11.16102625536588,-0.006599999999999939,0.015085920588418912,0.7214999999999998,19
B0008,90,1.6268,3.6434,2.4756,-1.98,37.954,0.05947,2952.9,True,18.798043326345216,-0.15300000000000002,0.06952512495494059,1.1678000000000002,18
B0008,91,1.7858,3.6478,2.8708,-2.0422,33.568,0.051,3153.3,False,10.861535389837274,0.15900000000000003,0.06958719709831761,0.7770000000000001,17
B0008,92,1.7809,3.6509,2.9094,-1.973,35.435,0.05716,3197.8,False,11.106119596685637,-0.0049000000000001265,0.07001584106471978,0.7414999999999998,16
B0008,93,1.7753,3.6841,2.9808,-2.0172,33.382,0.05509,3212.2,False,11.38564440451233,-0.005599999999999827,0.06881574674447777,0.7033,15
B0008,94,1.7659,3.6625,2.8766,-1.9395,33.882,0.05812,3167.1,False,11.854846760507144,-0.009400000000000075,0.067566211970186,0.7859000000000003,14
B0008,95,1.7755,3.6772,2.8916,-2.0596,32.658,0.05533,3207.8,False,11.375661375661373,0.009600000000000053,0.007424419169206459,0.7856000000000001,13
B0008,96,1.7708,3.6523,2.7761,-1.9419,34.08,0.05266,3229.7,False,11.61026255365879,-0.0047000000000001485,0.005632228688546169,0.8761999999999999,12
B0008,97,1.7556,3.6753,3.0699,-1.9887,33.388,0.05617,3161.0,False,12.368972746331242,-0.01519999999999988,0.0082708524349119,0.6053999999999999,11
B0008,98,1.7268,3.6381,2.7532,-1.9889,33.612,0.05589,3123.3,False,13.806528900868532,-0.02880000000000016,0.019413062612583888,0.8849,10
B0008,99,1.7211,3.6875,2.8907,-2.0217,34.156,0.05191,3074.2,False,14.091045223120691,-0.005699999999999816,0.024938384069544507,0.7968000000000002,9
B0008,100,1.7292,3.6246,2.8021,-1.9244,33.256,0.056,3146.1,False,13.686732554657077,0.008099999999999996,0.02143385173038479,0.8225000000000002,8
B0008,101,1.7067,3.6734,2.8967,-2.0239,32.96,0.05655,3106.8,False,14.809823300389336,-0.022499999999999964,0.017789519386429,0.7767,7
B0008,102,1.7015,3.6298,2.8526,-1.9803,35.635,0.05676,3051.2,False,15.069382050514124,-0.0052000000000000934,0.012328949671409413,0.7772000000000001,6
B0008,103,1.7031,3.6507,2.9546,-2.0479,35.19,0.05086,3089.4,False,14.9895178197065,0.0016000000000000458,0.012203360193002291,0.6960999999999999,5
B0008,104,1.6828,3.6442,2.8282,-2.0357,33.223,0.05608,3041.4,False,16.00279524807826,-0.020299999999999985,0.016557868220280072,0.8160000000000003,4
B0008,105,1.675,3.6198,2.888,-1.9359,34.025,0.0574,3007.2,False,16.392133373265448,-0.007800000000000029,0.014023444655296738,0.7318000000000002,3
B0008,106,1.6648,3.6833,3.0775,-2.0222,35.107,0.05526,2978.9,False,16.90126784466407,-0.010199999999999987,0.016671622596501366,0.6057999999999999,2
B0008,107,1.6636,3.6495,3.0005,-1.8954,34.355,0.05197,3004.2,False,16.96116601776979,-0.0012000000000000899,0.016152027736485008,0.649,1
B0008,108,1.4983,3.6322,2.8919,-2.0014,39.482,0.05814,2787.7,True,25.212139363082763,-0.1653,0.07787759626490925,0.7403,0
B0008,109,1.6403,3.6481,2.992,-1.9942,33.225,0.05631,2983.9,False,18.124188878905855,0.14200000000000013,0.0738294995242431,0.6560999999999999,0
B0008,110,1.6442,3.658,2.9464,-1.9082,32.943,0.06017,2990.2,False,17.92951981631227,0.0039000000000000146,0.07016325961641333,0.7115999999999998,0
B0008,111,1.6373,3.6285,3.0162,-2.0235,34.205,0.05675,2885.9,False,18.27393431167016,-0.006900000000000128,0.06699949999813597,0.6122999999999998,0
B0008,112,1.6347,3.6436,2.8968,-2.028,34.55,0.05552,2874.9,False,18.40371368673256,-0.0025999999999999357,0.06307811030777813,0.7468000000000004,0
B0008,113,1.6196,3.6533,2.8949,-2.0574,34.371,0.05468,2884.5,False,19.15743236497954,-0.015100000000000113,0.009421093354818357,0.7584000000000004,0
B0008,114,1.6,3.6569,2.9325,-2.0224,36.354,0.0587,2890.2,False,20.135769192372965,-0.01959999999999984,0.017641230115845338,0.7243999999999997,0
B0008,115,1.5959,3.6275,2.7299,-1.9516,34.873,0.05772,2868.4,False,20.340421283817513,-0.0040999999999999925,0.019138312360294868,0.8975999999999997,0
B0008,116,1.5989,3.6087,2.8124,-2.0568,36.178,0.05977,2812.0,False,20.190675851053207,0.0029999999999998916,0.016763859937383878,0.7963,0
B0008,117,1.5685,3.6326,2.7955,-2.0662,36.534,0.05926,2837.5,False,21.708096236398124,-0.030399999999999983,0.018275311214866894,0.8371,0
B0008,118,1.5687,3.6497,2.8897,-2.0142,35.199,0.05537,2871.5,False,21.698113207547177,0.00019999999999997797,0.016318394528882233,0.7600000000000002,0
B0008,119,1.5694,3.661,2.9174,-2.0462,33.421,0.05911,2827.0,False,21.663172606568835,0.0006999999999999229,0.01566786520238993,0.7435999999999998,0
B0008,120,1.555,3.613,2.8748,-2.0024,34.204,0.05753,2845.4,False,22.38195068383748,-0.014399999999999968,0.0161435745731939,0.7382,0
B0008,121,1.5508,3.658,2.8813,-1.9878,34.64,0.05559,2834.3,False,22.591594289707505,-0.0041999999999999815,0.008876767429660681,0.7767,0
B0008,122,1.5423,3.6463,2.9567,-2.0082,33.879,0.06163,2785.5,False,23.015873015873023,-0.008499999999999952,0.011714222125275415,0.6896,0
B0008,123,1.5393,3.6581,2.8381,-1.9617,33.342,0.05782,2740.7,False,23.165618448637325,-0.0030000000000001137,0.011900966347330849,0.8200000000000003,0
B0008,124,1.535,3.6337,2.9385,-2.0094,33.296,0.05919,2713.3,False,23.38025356893282,-0.0042999999999999705,0.008247241963245177,0.6952000000000003,0
B0008,125,1.525,3.6363,2.9265,-1.9576,34.427,0.06114,2703.1,False,23.879405011480493,-0.010000000000000009,0.009498262999113086,0.7098,0
B0008,126,1.5021,3.632,2.738,-2.0019,33.967,0.06016,2671.4,False,25.022461814914642,-0.02289999999999992,0.016265392709686785,0.8940000000000001,0
B0008,127,1.508,3.6266,2.8239,-1.9997,34.184,0.05935,2674.0,False,24.727962463811526,0.005900000000000016,0.016349525987022932,0.8026999999999997,0
B0008,128,1.4998,3.6368,2.7397,-2.0311,34.733,0.05885,2706.0,False,25.137266646700606,-0.008199999999999985,0.015339882659275658,0.8971,0
B0008,129,1.4916,3.6227,3.0115,-2.0308,36.037,0.06125,2684.5,False,25.546570829589697,-0.008199999999999985,0.012485591696045316,0.6112000000000002,0
B0008,130,1.4766,3.67,2.8154,-1.9851,34.39,0.06404,2684.5,False,26.295297993411204,-0.015000000000000124,0.012151625405696604,0.8546,0
B0008,131,1.465,3.63,2.7928,-2.0258,35.968,0.06148,2643.5,False,26.87431366676649,-0.011599999999999833,0.01739942527787573,0.8371999999999997,0
B0008,132,1.4634,3.6281,2.835,-1.997,34.579,0.06412,2602.6,False,26.954177897574127,-0.0016000000000000458,0.016094471100362228,0.7930999999999999,0
B0008,133,1.4601,3.6126,2.7192,-2.0452,34.504,0.05886,2637.9,False,27.118897873614856,-0.0033000000000000806,0.012920061919372002,0.8934000000000002,0
B0008,134,1.4341,3.6055,2.7096,-1.988,34.895,0.05834,2613.9,False,28.416691624238798,-0.026000000000000023,0.015674916267732403,0.8959000000000001,0
B0008,135,1.4268,3.63,2.738,-1.9199,36.189,0.05945,2540.7,False,28.781072177298594,-0.007299999999999862,0.018010746791858285,0.8919999999999999,0
B0008,136,1.4379,3.6104,2.9696,-1.9364,34.624,0.06142,2616.9,False,28.227014076070688,0.011099999999999888,0.016321550171489216,0.6408,0
B0008,137,1.432,3.6116,2.7417,-2.0869,34.352,0.062,2573.4,False,28.521513427173804,-0.005900000000000016,0.012892905025650625,0.8699000000000003,0
B0008,138,1.4166,3.6333,2.9355,-2.0118,35.689,0.06026,2592.9,False,29.290206648697215,-0.015399999999999858,0.008241177100418181,0.6978,0
B0008,139,1.417,3.6184,2.9521,-2.0749,35.49,0.06239,2523.1,False,29.27024059099531,0.00039999999999995595,0.009321909675622363,0.6662999999999997,0
B0008,140,1.4029,3.5883,2.7128,-1.9471,35.855,0.05824,2496.3,False,29.974044124987522,-0.014100000000000001,0.013867119383652392,0.8754999999999997,0
B0008,141,1.3976,3.6101,2.9727,-2.0152,36.857,0.06232,2491.1,False,30.238594389537788,-0.005300000000000082,0.013498962923146337,0.6374,0
B0008,142,1.3939,3.5955,2.7897,-1.9821,37.418,0.06537,2519.8,False,30.42328042328043,-0.0037000000000000366,0.010713776178383217,0.8058000000000001,0
B0008,143,1.3806,3.6229,2.9208,-1.9678,34.982,0.06303,2478.2,False,31.08715184186882,-0.013299999999999867,0.013265933815623495,0.7021000000000002,0
B0008,144,1.373,3.6083,2.9749,-1.9911,36.404,0.06343,2468.3,False,31.46650693820505,-0.007600000000000051,0.012409069264071319,0.6334,0
B0008,145,1.3764,3.6127,2.8768,-1.9478,36.104,0.06068,2404.4,False,31.296795447738845,0.0034000000000000696,0.010872442227969285,0.7359,0
B0008,146,1.3472,3.6173,2.8973,-1.9599,36.065,0.06563,2416.2,False,32.754317659978035,-0.029200000000000115,0.01706112540252105,0.7200000000000002,0
B0008,147,1.3487,3.6124,2.8791,-2.0853,35.449,0.06472,2474.0,False,32.67944494359589,0.0015000000000000568,0.015966276961163033,0.7332999999999998,0
B0008,148,1.3384,3.5949,2.891,-1.9818,36.727,0.06497,2398.4,False,33.19357092941999,-0.010299999999999976,0.016903490763761752,0.7039,0
B0008,149,1.3313,3.6233,2.9199,-1.9629,36.056,0.06326,2413.1,False,33.54796845362884,-0.007100000000000106,0.017160565258772655,0.7033999999999998,0
B0008,150,1.3189,3.6016,2.8179,-1.9351,34.946,0.06276,2376.9,False,34.16691624238795,-0.012399999999999967,0.012277418295415921,0.7837000000000001,0
B0008,151,1.332,3.5913,2.8964,-2.0275,37.667,0.05774,2367.5,False,33.51302785265049,0.013100000000000112,0.010893254793706926,0.6949000000000001,0
B0008,152,1.3314,3.6115,2.9967,-2.0021,36.079,0.06506,2451.7,False,33.54297693920336,-0.000600000000000156,0.007082019486038198,0.6147999999999998,0
B0008,153,1.3,3.5842,2.9627,-2.0349,35.167,0.06048,2293.0,False,35.11031246880304,-0.03139999999999987,0.0138371601132833,0.6215000000000002,0
B0008,154,1.2791,3.5683,2.8094,-2.06,33.181,0.06233,2288.3,False,36.15353898372767,-0.02090000000000014,0.02263839658634552,0.7588999999999997,0
B0008,155,1.2741,3.6215,3.0019,-1.956,36.337,0.06443,2268.3,False,36.40311470500149,-0.004999999999999893,0.027669784964843507,0.6196000000000002,0
B0008,156,1.2716,3.5754,2.8937,-2.0118,35.426,0.06655,2301.6,False,36.52790256563841,-0.0024999999999999467,0.025082125109342462,0.6817000000000002,0
B0008,157,1.2597,3.5919,2.9905,-2.0434,36.512,0.06356,2239.1,False,37.12189278227014,-0.011900000000000022,0.014749745760546175,0.6013999999999999,0
B0008,158,1.2399,3.5788,2.7822,-2.0347,39.081,0.06697,2271.0,False,38.110212638514525,-0.01980000000000004,0.01567807386131307,0.7966000000000002,0
B0008,159,1.2561,3.6255,2.9298,-2.128,36.017,0.06599,2265.6,False,37.301587301587304,0.016199999999999992,0.013713934519342132,0.6957,0
B0008,160,1.243,3.6129,2.9181,-1.9601,35.603,0.06295,2285.7,False,37.95547569132475,-0.01309999999999989,0.012907865818981096,0.6947999999999999,0
B0008,161,1.2332,3.5725,2.9099,-2.0325,35.892,0.06277,2174.8,False,38.44464410502147,-0.009800000000000031,0.011169467310522836,0.6625999999999999,0
B0008,162,1.2223,3.5715,2.8406,-1.9853,36.932,0.06407,2196.5,False,38.98871917739842,-0.010900000000000132,0.01246695632465497,0.7309000000000001,0
B0008,163,1.2198,3.5973,2.9925,-1.946,36.689,0.06719,2181.0,False,39.113507038035344,-0.0024999999999999467,0.01503918215864352,0.6048,0
B0008,164,1.1901,3.5839,2.7844,-1.9712,37.281,0.0655,2118.0,False,40.59598682240192,-0.02970000000000006,0.019927794659743016,0.7994999999999997,0
B0008,165,1.2058,3.5894,2.7167,-1.9445,35.882,0.06472,2219.5,False,39.812319057602075,0.015700000000000047,0.016653317987743214,0.8727,0
B0008,166,1.201,3.573,2.9509,-1.9923,34.049,0.06417,2160.2,False,40.051911750024956,-0.0047999999999999154,0.013395708267982712,0.6221000000000001,0
B0008,167,1.1807,3.5821,2.8533,-2.0161,35.858,0.06704,2115.5,False,41.06518917839672,-0.020299999999999985,0.014965192949003859,0.7288000000000001,0
B0008,168,1.1747,3.5704,2.9099,-2.112,36.563,0.0665,2091.1,False,41.364680043925325,-0.006000000000000005,0.013135562416620457,0.6604999999999999,0
